date,SACTMIN,SPOSTMIN,ride_name
1/1/2015,6,70.33093525,space_mountain
1/2/2015,45,60.12,space_mountain
1/3/2015,26,64.54545455,space_mountain
1/4/2015,26.66666667,41.92481203,space_mountain
1/5/2015,,66.09090909,space_mountain
1/6/2015,3,51.17647059,space_mountain
1/7/2015,36,36.2,space_mountain
1/8/2015,21.33333333,48.36134454,space_mountain
1/9/2015,22.25,29.6259542,space_mountain
1/10/2015,73,46.71578947,space_mountain
1/11/2015,10.16666667,26.875,space_mountain
1/12/2015,21,17.82312925,space_mountain
1/13/2015,22,25.25179856,space_mountain
1/14/2015,13.5,25.14388489,space_mountain
1/15/2015,14,20.78911565,space_mountain
1/16/2015,16,73.41666667,space_mountain
1/17/2015,45.66666667,65.20618557,space_mountain
1/18/2015,34.2,57.9015544,space_mountain
1/19/2015,23,38.56578947,space_mountain
1/20/2015,,50.65517241,space_mountain
1/21/2015,8.4,24.71830986,space_mountain
1/22/2015,12.9,28.53658537,space_mountain
1/23/2015,,16.38356164,space_mountain
1/24/2015,11.66666667,45.22905028,space_mountain
1/25/2015,39.66666667,37.2147651,space_mountain
1/26/2015,10,27.86764706,space_mountain
1/27/2015,17.25,45.46052632,space_mountain
1/28/2015,8.75,-124.8421053,space_mountain
1/29/2015,5,25.74324324,space_mountain
1/30/2015,30.5,38.44262295,space_mountain
1/31/2015,22.33333333,45.54497354,space_mountain
2/1/2015,31,20.97272727,space_mountain
2/2/2015,6,17.5,space_mountain
2/3/2015,11.66666667,20.25531915,space_mountain
2/4/2015,19,23.63013699,space_mountain
2/5/2015,,17.75,space_mountain
2/6/2015,25.5,56.82065217,space_mountain
2/7/2015,21,41.32850242,space_mountain
2/8/2015,21,17.43103448,space_mountain
2/9/2015,23,21.875,space_mountain
2/10/2015,11,10.67283951,space_mountain
2/11/2015,,15.60714286,space_mountain
2/12/2015,6,39.94047619,space_mountain
2/13/2015,38.5,28.01104972,space_mountain
2/14/2015,21.66666667,75.46875,space_mountain
2/15/2015,36,68.93193717,space_mountain
2/16/2015,30,47.31794872,space_mountain
2/17/2015,8.2,36.83783784,space_mountain
2/18/2015,6,65.86294416,space_mountain
2/19/2015,24.25,56.30769231,space_mountain
2/20/2015,48,39.86666667,space_mountain
2/21/2015,22.18181818,46.22065728,space_mountain
2/22/2015,31.5,20.54320988,space_mountain
2/23/2015,23,28.0106383,space_mountain
2/24/2015,9.666666667,27.21818182,space_mountain
2/25/2015,18.2,23.82911392,space_mountain
2/26/2015,17.75,6.781690141,space_mountain
2/27/2015,23.66666667,33.50920245,space_mountain
2/28/2015,26,22.65,space_mountain
3/1/2015,8,28,space_mountain
3/2/2015,13.6,34.46022727,space_mountain
3/3/2015,16,28.48101266,space_mountain
3/4/2015,10.5,14.30722892,space_mountain
3/5/2015,,21.88095238,space_mountain
3/6/2015,11,38.80116959,space_mountain
3/7/2015,9.666666667,42.39010989,space_mountain
3/8/2015,27,31.63953488,space_mountain
3/9/2015,53,51.06666667,space_mountain
3/10/2015,58,50.72625698,space_mountain
3/11/2015,16,27.25287356,space_mountain
3/12/2015,,63.82681564,space_mountain
3/13/2015,20,61.11111111,space_mountain
3/14/2015,12.33333333,45.17204301,space_mountain
3/15/2015,,44.42948718,space_mountain
3/16/2015,21.66666667,55.70909091,space_mountain
3/17/2015,38.66666667,58.21393035,space_mountain
3/18/2015,5,56.53225806,space_mountain
3/19/2015,19,58.20430108,space_mountain
3/20/2015,21,56.1878453,space_mountain
3/21/2015,21.5,54.87244898,space_mountain
3/22/2015,25,43.22404372,space_mountain
3/23/2015,31,39.71910112,space_mountain
3/24/2015,38.5,69.77058824,space_mountain
3/25/2015,9,56.66666667,space_mountain
3/26/2015,,56.41975309,space_mountain
3/27/2015,51,-156.8,space_mountain
3/28/2015,5,-99.85714286,space_mountain
3/29/2015,4,78.33333333,space_mountain
3/30/2015,14,89.70338983,space_mountain
3/31/2015,16,72.05357143,space_mountain
4/1/2015,,-89.83333333,space_mountain
4/2/2015,19.66666667,93,space_mountain
4/3/2015,37,64.82954545,space_mountain
4/4/2015,,53.21808511,space_mountain
4/5/2015,21.77777778,52.66666667,space_mountain
4/6/2015,34.25,65.23863636,space_mountain
4/7/2015,27.75,85.7515528,space_mountain
4/8/2015,22.16666667,75.62886598,space_mountain
4/9/2015,11.5,74.8045977,space_mountain
4/10/2015,12,-53.48704663,space_mountain
4/11/2015,13.5,36.74157303,space_mountain
4/12/2015,29.33333333,7.543352601,space_mountain
4/13/2015,,-1.234939759,space_mountain
4/14/2015,,-17.72254335,space_mountain
4/15/2015,19,-79.55555556,space_mountain
4/16/2015,4,-3.519774011,space_mountain
4/17/2015,,41.25,space_mountain
4/18/2015,,24.07471264,space_mountain
4/19/2015,22.4,35.68322981,space_mountain
4/20/2015,19.25,22.84883721,space_mountain
4/21/2015,11.5,31.99386503,space_mountain
4/22/2015,10.4,-94.94,space_mountain
4/23/2015,26.5,-167.2176166,space_mountain
4/24/2015,50,-24.74853801,space_mountain
4/25/2015,,61.60818713,space_mountain
4/26/2015,,-413.8858696,space_mountain
4/27/2015,,-159.313253,space_mountain
4/28/2015,13,28.08917197,space_mountain
4/29/2015,17,22.27631579,space_mountain
4/30/2015,12.25,7.090361446,space_mountain
5/1/2015,56,57.68292683,space_mountain
5/2/2015,38,49.42307692,space_mountain
5/3/2015,22,-21.01190476,space_mountain
5/4/2015,22,-267.5901639,space_mountain
5/5/2015,15,28.95027624,space_mountain
5/6/2015,4.333333333,21.91358025,space_mountain
5/7/2015,7.5,-41.16571429,space_mountain
5/8/2015,3,-168.3736264,space_mountain
5/9/2015,15,4.456043956,space_mountain
5/10/2015,11.33333333,-25.04294479,space_mountain
5/11/2015,41,25.88815789,space_mountain
5/12/2015,17.2,-40.90604027,space_mountain
5/13/2015,22.5,20.50955414,space_mountain
5/14/2015,9,33.08139535,space_mountain
5/15/2015,11.5,-388.005848,space_mountain
5/16/2015,32.2,-27.18435754,space_mountain
5/17/2015,13.25,21.65909091,space_mountain
5/18/2015,21.5,-29.3190184,space_mountain
5/19/2015,32,35.63583815,space_mountain
5/20/2015,11,31.30718954,space_mountain
5/21/2015,23.5,-4.75147929,space_mountain
5/22/2015,10.76923077,52.19457014,space_mountain
5/23/2015,6,57.4127907,space_mountain
5/24/2015,,33.27380952,space_mountain
5/25/2015,27.5,33.87719298,space_mountain
5/26/2015,37,55.24242424,space_mountain
5/27/2015,8.5,-50.55688623,space_mountain
5/28/2015,31.5,14.25,space_mountain
5/29/2015,29.33333333,-57.36813187,space_mountain
5/30/2015,32.4,-34.984375,space_mountain
5/31/2015,50,31.31782946,space_mountain
6/1/2015,24,-5.556701031,space_mountain
6/2/2015,38,2.214285714,space_mountain
6/3/2015,26,57.8125,space_mountain
6/4/2015,15,49.74489796,space_mountain
6/5/2015,22.33333333,40.94086022,space_mountain
6/6/2015,13.4,-16.81632653,space_mountain
6/7/2015,45,53.41530055,space_mountain
6/8/2015,,-16.33838384,space_mountain
6/9/2015,23.5,61.01851852,space_mountain
6/10/2015,24.6,-127.2395833,space_mountain
6/11/2015,19.42857143,57.62032086,space_mountain
6/12/2015,20.5,61.82320442,space_mountain
6/13/2015,25.66666667,-128.9832402,space_mountain
6/14/2015,23.33333333,39.03333333,space_mountain
6/15/2015,68,4.722826087,space_mountain
6/16/2015,,22.97814208,space_mountain
6/17/2015,10,-14.96256684,space_mountain
6/18/2015,9.333333333,31.56521739,space_mountain
6/19/2015,6.666666667,-60.75,space_mountain
6/20/2015,20.66666667,52.91666667,space_mountain
6/21/2015,22,-108.7336957,space_mountain
6/22/2015,42,-10.39037433,space_mountain
6/23/2015,,-46.28804348,space_mountain
6/24/2015,19.75,-1.654822335,space_mountain
6/25/2015,19.875,-55.40721649,space_mountain
6/26/2015,,39.49714286,space_mountain
6/27/2015,21.6,49.30555556,space_mountain
6/28/2015,,-26.57058824,space_mountain
6/29/2015,17,-121.7861272,space_mountain
6/30/2015,56,4.556213018,space_mountain
7/1/2015,28.66666667,-23.21538462,space_mountain
7/2/2015,,5.345454545,space_mountain
7/3/2015,14.33333333,32.4375,space_mountain
7/4/2015,,-15.38888889,space_mountain
7/5/2015,18,-6.359756098,space_mountain
7/6/2015,,64.71098266,space_mountain
7/7/2015,,-259.2359551,space_mountain
7/8/2015,,11.98214286,space_mountain
7/9/2015,,62.58152174,space_mountain
7/10/2015,15,-148.8012422,space_mountain
7/11/2015,,-50.7797619,space_mountain
7/12/2015,,-16.43125,space_mountain
7/13/2015,40,-93.0212766,space_mountain
7/14/2015,35,39.94186047,space_mountain
7/15/2015,29.5,6.679347826,space_mountain
7/16/2015,23.2,51.62222222,space_mountain
7/17/2015,22.66666667,54.47852761,space_mountain
7/18/2015,49,57.40112994,space_mountain
7/19/2015,,15.81976744,space_mountain
7/20/2015,38,-50.68253968,space_mountain
7/21/2015,0,63.54444444,space_mountain
7/22/2015,17.5,-39.83597884,space_mountain
7/23/2015,,15.49473684,space_mountain
7/24/2015,18,-11.43428571,space_mountain
7/25/2015,27.25,22.83240223,space_mountain
7/26/2015,8.666666667,9.932960894,space_mountain
7/27/2015,,-2.662790698,space_mountain
7/28/2015,,-30.23529412,space_mountain
7/29/2015,52,77.5,space_mountain
7/30/2015,67,101.6666667,space_mountain
7/31/2015,112,-18.67889908,space_mountain
8/1/2015,17,48.65625,space_mountain
8/2/2015,41.5,8.069306931,space_mountain
8/3/2015,,56.62962963,space_mountain
8/4/2015,,93.31081081,space_mountain
8/5/2015,26.33333333,70.4676259,space_mountain
8/6/2015,,-64.83870968,space_mountain
8/7/2015,33.25,57.51748252,space_mountain
8/8/2015,5.666666667,35.10734463,space_mountain
8/9/2015,4.5,-48.0962963,space_mountain
8/10/2015,,-4.238461538,space_mountain
8/11/2015,,-3.181818182,space_mountain
8/12/2015,36,16.62773723,space_mountain
8/13/2015,15.5,17.39455782,space_mountain
8/14/2015,15.33333333,-7.034482759,space_mountain
8/15/2015,,-65.53714286,space_mountain
8/16/2015,4,47.05223881,space_mountain
8/17/2015,14.5,6.559440559,space_mountain
8/18/2015,,-61.37857143,space_mountain
8/19/2015,,28.68656716,space_mountain
8/20/2015,26.5,-245.0208333,space_mountain
8/21/2015,20.66666667,-111.5,space_mountain
8/22/2015,32.44444444,38.125,space_mountain
8/23/2015,23,-267.0633803,space_mountain
8/24/2015,19.66666667,-16.17518248,space_mountain
8/25/2015,22.5,47.48,space_mountain
8/26/2015,13.25,-179.8843537,space_mountain
8/27/2015,26,34.6031746,space_mountain
8/28/2015,14,-67.7080292,space_mountain
8/29/2015,23.25,39.79310345,space_mountain
8/30/2015,10,-2.108527132,space_mountain
8/31/2015,11,-39.359375,space_mountain
9/1/2015,13,-30.90833333,space_mountain
9/2/2015,11.57142857,1.845528455,space_mountain
9/3/2015,11.66666667,19.92805755,space_mountain
9/4/2015,15.6,21.48760331,space_mountain
9/5/2015,16,19.70714286,space_mountain
9/6/2015,10.66666667,-27.53676471,space_mountain
9/7/2015,13.5,29.00793651,space_mountain
9/8/2015,8.333333333,0.295454545,space_mountain
9/9/2015,22.33333333,-2.539130435,space_mountain
9/10/2015,7,-179.7851852,space_mountain
9/11/2015,10.33333333,30.81521739,space_mountain
9/12/2015,16,40.90425532,space_mountain
9/13/2015,12,-6.881889764,space_mountain
9/14/2015,19.5,-35.54098361,space_mountain
9/15/2015,10.5,21.02941176,space_mountain
9/16/2015,8.6,29.58677686,space_mountain
9/17/2015,21,29.09090909,space_mountain
9/18/2015,20,7.041958042,space_mountain
9/19/2015,17.4,10.38571429,space_mountain
9/20/2015,15,20.25362319,space_mountain
9/21/2015,14.5,41.77419355,space_mountain
9/22/2015,13,-79.76351351,space_mountain
9/23/2015,,37.69230769,space_mountain
9/24/2015,7.5,40.42635659,space_mountain
9/25/2015,12.66666667,-158.7142857,space_mountain
9/26/2015,20.5,42.70547945,space_mountain
9/27/2015,18.8,-2.97826087,space_mountain
9/28/2015,14.5,-17.57425743,space_mountain
9/29/2015,13.16666667,0.836538462,space_mountain
9/30/2015,10.5,-29.12977099,space_mountain
10/1/2015,9.875,14.13333333,space_mountain
10/2/2015,17.2,-39.76258993,space_mountain
10/3/2015,21.25,44.26751592,space_mountain
10/4/2015,10,20.72519084,space_mountain
10/5/2015,12,57.30769231,space_mountain
10/6/2015,,16.43650794,space_mountain
10/7/2015,13,49.0625,space_mountain
10/8/2015,14,21.34615385,space_mountain
10/9/2015,6.8,8.911111111,space_mountain
10/10/2015,3,25.03623188,space_mountain
10/11/2015,32.5,22.03007519,space_mountain
10/12/2015,17.8,15.58041958,space_mountain
10/13/2015,34,-234.6068376,space_mountain
10/14/2015,6,21.20634921,space_mountain
10/15/2015,21.1,-22.87804878,space_mountain
10/16/2015,38.33333333,35.99206349,space_mountain
10/17/2015,,56.84397163,space_mountain
10/18/2015,20.66666667,30.98484848,space_mountain
10/19/2015,25,3.951219512,space_mountain
10/20/2015,8.5,21.17886179,space_mountain
10/21/2015,16,37.21804511,space_mountain
10/22/2015,16.75,-74.75,space_mountain
10/23/2015,29.25,28.42741935,space_mountain
10/24/2015,18.5,52.38095238,space_mountain
10/25/2015,8.333333333,31.33858268,space_mountain
10/26/2015,30.5,45.44,space_mountain
10/27/2015,9.75,-86.0915493,space_mountain
10/28/2015,10.33333333,28.35820896,space_mountain
10/29/2015,14.66666667,-19.95726496,space_mountain
10/30/2015,18.83333333,45.87121212,space_mountain
10/31/2015,22,-144.7923077,space_mountain
11/1/2015,16.5,-125.6222222,space_mountain
11/2/2015,17,36.78294574,space_mountain
11/3/2015,31.5,-164.9444444,space_mountain
11/4/2015,10.25,3.462585034,space_mountain
11/5/2015,,32.24299065,space_mountain
11/6/2015,15,-10.90909091,space_mountain
11/7/2015,17,37.54098361,space_mountain
11/8/2015,10.57142857,-36.20895522,space_mountain
11/9/2015,5,-5.732283465,space_mountain
11/10/2015,15,-34.25203252,space_mountain
11/11/2015,35.5,46.51079137,space_mountain
11/12/2015,18,24.3359375,space_mountain
11/13/2015,26,-18.46875,space_mountain
11/14/2015,52,62.13709677,space_mountain
11/15/2015,31.14285714,38.1294964,space_mountain
11/16/2015,12.33333333,18.73333333,space_mountain
11/17/2015,9.6,-36.35507246,space_mountain
11/18/2015,18.25,4.234848485,space_mountain
11/19/2015,5.666666667,4.75,space_mountain
11/20/2015,23.4,24.87769784,space_mountain
11/21/2015,35,52.88461538,space_mountain
11/22/2015,5.75,-6.521428571,space_mountain
11/23/2015,33.5,-84.90344828,space_mountain
11/24/2015,28.42857143,43.86013986,space_mountain
11/25/2015,42.5,55.58024691,space_mountain
11/26/2015,31.5,70.77333333,space_mountain
11/27/2015,,4.474074074,space_mountain
11/28/2015,15,51,space_mountain
11/29/2015,16,-19.6796875,space_mountain
11/30/2015,15,15.525,space_mountain
12/1/2015,6.5,-105.1472868,space_mountain
12/2/2015,17.28571429,34.0070922,space_mountain
12/3/2015,8,-12.00769231,space_mountain
12/4/2015,9.666666667,-53.7518797,space_mountain
12/5/2015,27.5,6.420689655,space_mountain
12/6/2015,21.25,28.25925926,space_mountain
12/7/2015,16.5,49.2,space_mountain
12/8/2015,5,7.229007634,space_mountain
12/9/2015,8.666666667,39.40789474,space_mountain
12/10/2015,9.857142857,-56.99230769,space_mountain
12/11/2015,15.66666667,27.7826087,space_mountain
12/12/2015,20,-65.67391304,space_mountain
12/13/2015,15,-19.2195122,space_mountain
12/14/2015,25,40.79831933,space_mountain
12/15/2015,13.66666667,-26.28333333,space_mountain
12/16/2015,9,-115.6330935,space_mountain
12/17/2015,28,28.36283186,space_mountain
12/18/2015,17.5,14.9037037,space_mountain
12/19/2015,20.44444444,66.75862069,space_mountain
12/20/2015,8.25,13.0738255,space_mountain
12/21/2015,10,23.02307692,space_mountain
12/22/2015,13,16.93835616,space_mountain
12/23/2015,18.66666667,61.87313433,space_mountain
12/24/2015,8,56.13846154,space_mountain
12/25/2015,13,77.58823529,space_mountain
12/26/2015,19,-29.33333333,space_mountain
12/27/2015,15.33333333,80.75757576,space_mountain
12/28/2015,14.33333333,40.06493506,space_mountain
12/29/2015,30.66666667,-2.897435897,space_mountain
12/30/2015,18.875,96.87195122,space_mountain
12/31/2015,13.5,125.6122449,space_mountain
1/1/2016,4.6,13.94303797,space_mountain
1/2/2016,32.83333333,74.60365854,space_mountain
1/3/2016,,35.69444444,space_mountain
1/4/2016,13,58.77165354,space_mountain
1/5/2016,9,52.46315789,space_mountain
1/6/2016,15.4,-53.99107143,space_mountain
1/7/2016,47.66666667,22.54,space_mountain
1/8/2016,18.44444444,40.625,space_mountain
1/9/2016,44,47.8125,space_mountain
1/10/2016,17,39.84375,space_mountain
1/11/2016,51.5,51.11764706,space_mountain
1/12/2016,42,45.28089888,space_mountain
1/13/2016,20.71428571,4.925531915,space_mountain
1/14/2016,,14.91954023,space_mountain
1/15/2016,33.33333333,31.1440678,space_mountain
1/16/2016,,68.87096774,space_mountain
1/17/2016,,2.645454545,space_mountain
1/18/2016,,26.29661017,space_mountain
1/19/2016,29,47.57281553,space_mountain
1/20/2016,16,-36.45098039,space_mountain
1/21/2016,29,36.70454545,space_mountain
1/22/2016,,-87.33636364,space_mountain
1/23/2016,29.5,59.18803419,space_mountain
1/24/2016,10.8,57.10526316,space_mountain
1/25/2016,,49.17582418,space_mountain
1/26/2016,28,44.45121951,space_mountain
1/27/2016,14.25,13.6627907,space_mountain
1/28/2016,10.71428571,17.41176471,space_mountain
1/29/2016,4,-16.62809917,space_mountain
1/30/2016,21.25,46.25,space_mountain
1/31/2016,32.5,47.00854701,space_mountain
2/1/2016,29,41.10091743,space_mountain
2/2/2016,29.25,-113.3823529,space_mountain
2/3/2016,16,25.56701031,space_mountain
2/4/2016,7,38.26315789,space_mountain
2/5/2016,31,7.618055556,space_mountain
2/6/2016,4,-129.9083333,space_mountain
2/7/2016,13,31.04065041,space_mountain
2/8/2016,34.33333333,-10.63157895,space_mountain
2/9/2016,34,-36.24778761,space_mountain
2/10/2016,20.5,-32.4556962,space_mountain
2/11/2016,,31.47826087,space_mountain
2/12/2016,9,66.50793651,space_mountain
2/13/2016,,42.87943262,space_mountain
2/14/2016,33,74.41481481,space_mountain
2/15/2016,23.33333333,53.18248175,space_mountain
2/16/2016,17,62.90178571,space_mountain
2/17/2016,16,7.264957265,space_mountain
2/18/2016,46,58.29787234,space_mountain
2/19/2016,,-109.0091743,space_mountain
2/20/2016,23.66666667,58.68852459,space_mountain
2/21/2016,60,-68.85849057,space_mountain
2/22/2016,,-136.6909091,space_mountain
2/23/2016,,-296.08,space_mountain
2/24/2016,13.5,-58.2421875,space_mountain
2/25/2016,17.5,43.69369369,space_mountain
2/26/2016,,44.4047619,space_mountain
2/27/2016,,14.62184874,space_mountain
2/28/2016,21,43.23809524,space_mountain
2/29/2016,27,45,space_mountain
3/1/2016,11.5,28.75,space_mountain
3/2/2016,20,26.48514851,space_mountain
3/3/2016,,35.28089888,space_mountain
3/4/2016,8,29.96,space_mountain
3/5/2016,31.66666667,65.71428571,space_mountain
3/6/2016,12,50.8411215,space_mountain
3/7/2016,,51.79824561,space_mountain
3/8/2016,10,46.22727273,space_mountain
3/9/2016,23,-37.81967213,space_mountain
3/10/2016,,51.62037037,space_mountain
3/11/2016,60.5,63.33333333,space_mountain
3/12/2016,47.66666667,-39.75892857,space_mountain
3/13/2016,30.66666667,-1.854700855,space_mountain
3/14/2016,26,82.55555556,space_mountain
3/15/2016,17.33333333,92.99065421,space_mountain
3/16/2016,8,-19.29078014,space_mountain
3/17/2016,11.5,83.97196262,space_mountain
3/18/2016,39,85.59055118,space_mountain
3/19/2016,29.5,-5.913385827,space_mountain
3/20/2016,23,-3.7890625,space_mountain
3/21/2016,,51.17164179,space_mountain
3/22/2016,,65.79710145,space_mountain
3/23/2016,14,103.3024691,space_mountain
3/24/2016,3,106.8248175,space_mountain
3/25/2016,15.66666667,29.61744966,space_mountain
3/26/2016,14,79.39716312,space_mountain
3/27/2016,,72.28873239,space_mountain
3/28/2016,13,20.98529412,space_mountain
3/29/2016,,102.6811594,space_mountain
3/30/2016,19.5,109.9693252,space_mountain
3/31/2016,69,104.4244604,space_mountain
4/1/2016,14,42.44604317,space_mountain
4/2/2016,21,53.86363636,space_mountain
4/3/2016,,-11.34351145,space_mountain
4/4/2016,25,76.46551724,space_mountain
4/5/2016,65,45.03225806,space_mountain
4/6/2016,34.22222222,71.875,space_mountain
4/7/2016,,-19.82170543,space_mountain
4/8/2016,13.33333333,16.31914894,space_mountain
4/9/2016,30,66.5,space_mountain
4/10/2016,14.5,-25.18705036,space_mountain
4/11/2016,,10.35245902,space_mountain
4/12/2016,4,33.95833333,space_mountain
4/13/2016,5,26.96428571,space_mountain
4/14/2016,,34.91803279,space_mountain
4/15/2016,18.5,-11.24626866,space_mountain
4/16/2016,2,59.57446809,space_mountain
4/17/2016,30.33333333,47.31060606,space_mountain
4/18/2016,12,44.72440945,space_mountain
4/19/2016,43,-19.09734513,space_mountain
4/20/2016,3.5,20.47857143,space_mountain
4/21/2016,9.5,39.16666667,space_mountain
4/22/2016,6,48.0952381,space_mountain
4/23/2016,,64.07407407,space_mountain
4/24/2016,,51.66666667,space_mountain
4/25/2016,28,67.27272727,space_mountain
4/26/2016,48,6,space_mountain
4/27/2016,21,40.24,space_mountain
4/28/2016,,50.49019608,space_mountain
4/29/2016,2,56.9921875,space_mountain
4/30/2016,4,35.112,space_mountain
5/1/2016,26.75,-58.07407407,space_mountain
5/2/2016,16.66666667,12.74766355,space_mountain
5/3/2016,25,-39.49122807,space_mountain
5/4/2016,8,-81.94557823,space_mountain
5/5/2016,,-212.9879518,space_mountain
5/6/2016,20,38.69565217,space_mountain
5/7/2016,17.33333333,-64.00735294,space_mountain
5/8/2016,25.5,-175.1970803,space_mountain
5/9/2016,9.666666667,28.60294118,space_mountain
5/10/2016,11.5,26.82432432,space_mountain
5/11/2016,20.5,-142.3333333,space_mountain
5/12/2016,15.5,-265.4285714,space_mountain
5/13/2016,31,40.5078125,space_mountain
5/14/2016,13,-74.75,space_mountain
5/15/2016,3,18.88,space_mountain
5/16/2016,5.5,-49.7,space_mountain
5/17/2016,,-59.91025641,space_mountain
5/18/2016,19.5,-3.941605839,space_mountain
5/19/2016,,31.74193548,space_mountain
5/20/2016,42,39.12408759,space_mountain
5/21/2016,,-59.81889764,space_mountain
5/22/2016,20,8.672,space_mountain
5/23/2016,,55.82706767,space_mountain
5/24/2016,16,59.76,space_mountain
5/25/2016,25.8,55.43046358,space_mountain
5/26/2016,49,-9.072,space_mountain
5/27/2016,15.5,-10.34965035,space_mountain
5/28/2016,18,-164.0465116,space_mountain
5/29/2016,46.75,15.04580153,space_mountain
5/30/2016,21.5,51.5037594,space_mountain
5/31/2016,21.5,18.60305344,space_mountain
6/1/2016,25.5,24.89147287,space_mountain
6/2/2016,34.4,58.87121212,space_mountain
6/3/2016,11,-21.55319149,space_mountain
6/4/2016,17,-161.3571429,space_mountain
6/5/2016,14,-16.69064748,space_mountain
6/6/2016,26.66666667,44.83193277,space_mountain
6/7/2016,85.5,7.057142857,space_mountain
6/8/2016,22.16666667,82.32258065,space_mountain
6/9/2016,24.375,68.67647059,space_mountain
6/10/2016,32,65.74074074,space_mountain
6/11/2016,36.33333333,-2.549180328,space_mountain
6/12/2016,14.33333333,58.26271186,space_mountain
6/13/2016,9.666666667,76.2195122,space_mountain
6/14/2016,30,61.81451613,space_mountain
6/15/2016,32.66666667,20.82835821,space_mountain
6/16/2016,22,64.29133858,space_mountain
6/17/2016,15.66666667,26.1965812,space_mountain
6/18/2016,78,-55.09166667,space_mountain
6/19/2016,16,-39.35344828,space_mountain
6/20/2016,18,-41.38167939,space_mountain
6/21/2016,70,33.36585366,space_mountain
6/22/2016,30.66666667,58.79194631,space_mountain
6/23/2016,,55.87155963,space_mountain
6/24/2016,6,47.70491803,space_mountain
6/25/2016,8,36.94736842,space_mountain
6/26/2016,15,41.53913043,space_mountain
6/27/2016,3.666666667,45.19512195,space_mountain
6/28/2016,0.5,-104.4796748,space_mountain
6/29/2016,49,80.1171875,space_mountain
6/30/2016,,-27.62931034,space_mountain
7/1/2016,8.5,48.55371901,space_mountain
7/2/2016,,45.04958678,space_mountain
7/3/2016,13,62.58064516,space_mountain
7/4/2016,,47.16176471,space_mountain
7/5/2016,27,17.1875,space_mountain
7/6/2016,76,67.90909091,space_mountain
7/7/2016,,52.18269231,space_mountain
7/8/2016,28,22.05691057,space_mountain
7/9/2016,,0.49122807,space_mountain
7/10/2016,48.5,52.82178218,space_mountain
7/11/2016,51,-203.0740741,space_mountain
7/12/2016,11.66666667,77.77310924,space_mountain
7/13/2016,59,73.86524823,space_mountain
7/14/2016,11.5,-53.29906542,space_mountain
7/15/2016,16.5,-55.76785714,space_mountain
7/16/2016,,71.16161616,space_mountain
7/17/2016,13,55.15151515,space_mountain
7/18/2016,,2.444444444,space_mountain
7/19/2016,66,83.5,space_mountain
7/20/2016,,4.314516129,space_mountain
7/21/2016,,67.75510204,space_mountain
7/22/2016,17,57.27272727,space_mountain
7/23/2016,12,-62.625,space_mountain
7/24/2016,32,-87.90196078,space_mountain
7/25/2016,18,-39.66964286,space_mountain
7/26/2016,30,81.15079365,space_mountain
7/27/2016,11,73.32142857,space_mountain
7/28/2016,1,64.90196078,space_mountain
7/29/2016,20.4,66.03305785,space_mountain
7/30/2016,,51.36752137,space_mountain
7/31/2016,5,36.70642202,space_mountain
8/1/2016,,32.15929204,space_mountain
8/2/2016,9.5,25.63247863,space_mountain
8/3/2016,19,-34.04761905,space_mountain
8/4/2016,5.666666667,30.22115385,space_mountain
8/5/2016,11,61.90677966,space_mountain
8/6/2016,15,51.62393162,space_mountain
8/7/2016,,45.25423729,space_mountain
8/8/2016,56,61.84782609,space_mountain
8/9/2016,24.66666667,57.76422764,space_mountain
8/10/2016,,53.82142857,space_mountain
8/11/2016,30,52.20720721,space_mountain
8/12/2016,6.75,56.1328125,space_mountain
8/13/2016,,55.83333333,space_mountain
8/14/2016,24.66666667,6.88976378,space_mountain
8/15/2016,3.666666667,9.837037037,space_mountain
8/16/2016,29,60.85365854,space_mountain
8/17/2016,6,-9.412587413,space_mountain
8/18/2016,,43.95652174,space_mountain
8/19/2016,17,41.875,space_mountain
8/20/2016,6,44.88188976,space_mountain
8/21/2016,16,-98.6146789,space_mountain
8/22/2016,4,43.30578512,space_mountain
8/23/2016,21.5,9.643478261,space_mountain
8/24/2016,32.66666667,33.5648855,space_mountain
8/25/2016,16,21.21367521,space_mountain
8/26/2016,19,-12.51239669,space_mountain
8/27/2016,17.5,5.559440559,space_mountain
8/28/2016,23.8,20.82882883,space_mountain
8/29/2016,13,-249.2211538,space_mountain
8/30/2016,,-50.92553191,space_mountain
8/31/2016,20,32.04918033,space_mountain
9/1/2016,13.4,20.37383178,space_mountain
9/2/2016,15,1.942857143,space_mountain
9/3/2016,10,60.61594203,space_mountain
9/4/2016,34,47.32231405,space_mountain
9/5/2016,24.25,-35.24107143,space_mountain
9/6/2016,17.4,-23.25961538,space_mountain
9/7/2016,23.66666667,29,space_mountain
9/8/2016,3.5,-21.83478261,space_mountain
9/9/2016,22,28.68932039,space_mountain
9/10/2016,11.25,7.6171875,space_mountain
9/11/2016,3.75,18.72881356,space_mountain
9/12/2016,,34.01785714,space_mountain
9/13/2016,6.333333333,13.82113821,space_mountain
9/14/2016,14.33333333,-177.7478261,space_mountain
9/15/2016,9,16.81,space_mountain
9/16/2016,10.875,17.41525424,space_mountain
9/17/2016,5,46.61320755,space_mountain
9/18/2016,14.375,-32.08064516,space_mountain
9/19/2016,23,36.97916667,space_mountain
9/20/2016,15.11111111,11.76315789,space_mountain
9/21/2016,12.75,-70.72815534,space_mountain
9/22/2016,2,25.1744186,space_mountain
9/23/2016,11.375,19.10714286,space_mountain
9/24/2016,11.28571429,49.09482759,space_mountain
9/25/2016,13.28571429,6.88,space_mountain
9/26/2016,12.5,29.17647059,space_mountain
9/27/2016,13.5,21.7721519,space_mountain
9/28/2016,16.3,31.23846154,space_mountain
9/29/2016,11,16.32075472,space_mountain
9/30/2016,25.5,-37.68807339,space_mountain
10/1/2016,12.5,53.15,space_mountain
10/2/2016,27.75,-29.29661017,space_mountain
10/3/2016,14,-39.96039604,space_mountain
10/4/2016,21.33333333,25.87155963,space_mountain
10/5/2016,26.33333333,51.26086957,space_mountain
10/6/2016,11,16.4,space_mountain
10/7/2016,,10,space_mountain
10/8/2016,18,43.43220339,space_mountain
10/9/2016,58.5,54.33628319,space_mountain
10/10/2016,8.5,-32.33576642,space_mountain
10/11/2016,31,-214.1623932,space_mountain
10/12/2016,87,10.70967742,space_mountain
10/13/2016,37,-50.77142857,space_mountain
10/14/2016,26,34.84732824,space_mountain
10/15/2016,,62.75590551,space_mountain
10/16/2016,19.25,23.28688525,space_mountain
10/17/2016,17.5,66.68181818,space_mountain
10/18/2016,28.5,10.10810811,space_mountain
10/19/2016,1,45.859375,space_mountain
10/20/2016,21,-47.77192982,space_mountain
10/21/2016,34.5,37.65873016,space_mountain
10/22/2016,36.33333333,-12.9037037,space_mountain
10/23/2016,28.33333333,34.49612403,space_mountain
10/24/2016,,-37.29126214,space_mountain
10/25/2016,33,14.93700787,space_mountain
10/26/2016,21.5,-42.31304348,space_mountain
10/27/2016,16.5,-1.843478261,space_mountain
10/28/2016,11.375,29.3697479,space_mountain
10/29/2016,54,59.83193277,space_mountain
10/30/2016,4.666666667,31.27906977,space_mountain
10/31/2016,11.75,-176.4285714,space_mountain
11/1/2016,22.66666667,-4.465346535,space_mountain
11/2/2016,,-12.25510204,space_mountain
11/3/2016,17,-28.70588235,space_mountain
11/4/2016,12,41.81818182,space_mountain
11/5/2016,43.33333333,-36.10144928,space_mountain
11/6/2016,20,21.02586207,space_mountain
11/7/2016,47,-46.2,space_mountain
11/8/2016,28.8,-59.11403509,space_mountain
11/9/2016,26.5,-24.33846154,space_mountain
11/10/2016,13.66666667,35.50387597,space_mountain
11/11/2016,10.66666667,55.58139535,space_mountain
11/12/2016,,11.2704918,space_mountain
11/13/2016,7,-36.34920635,space_mountain
11/14/2016,22,47.94117647,space_mountain
11/15/2016,37.5,24.18699187,space_mountain
11/16/2016,,-42.9223301,space_mountain
11/17/2016,16.71428571,25.78571429,space_mountain
11/18/2016,13,-71.13636364,space_mountain
11/19/2016,15,81.97580645,space_mountain
11/20/2016,,75.2991453,space_mountain
11/21/2016,29.5,100.390625,space_mountain
11/22/2016,30.33333333,-44.2519084,space_mountain
11/23/2016,28.5,-33.13888889,space_mountain
11/24/2016,91,78.49206349,space_mountain
11/25/2016,17.6,29.68571429,space_mountain
11/26/2016,3,27.81967213,space_mountain
11/27/2016,18.375,-37.26271186,space_mountain
11/28/2016,6,63.46846847,space_mountain
11/29/2016,21,24.44915254,space_mountain
11/30/2016,16,29.01470588,space_mountain
12/1/2016,20.33333333,11.83478261,space_mountain
12/2/2016,10.5,31.25,space_mountain
12/3/2016,13,64.19354839,space_mountain
12/4/2016,32,24.75833333,space_mountain
12/5/2016,27,2.592592593,space_mountain
12/6/2016,17.5,20.44354839,space_mountain
12/7/2016,,-68.64341085,space_mountain
12/8/2016,22.83333333,23.27731092,space_mountain
12/9/2016,15,-34.42635659,space_mountain
12/10/2016,65,-1.776859504,space_mountain
12/11/2016,6,29.2293578,space_mountain
12/12/2016,,-248.1372549,space_mountain
12/13/2016,18.71428571,30.29661017,space_mountain
12/14/2016,25.5,37.92920354,space_mountain
12/15/2016,4,28.69369369,space_mountain
12/16/2016,42,15.21705426,space_mountain
12/17/2016,3.666666667,79.10714286,space_mountain
12/18/2016,,29.57664234,space_mountain
12/19/2016,,78.53383459,space_mountain
12/20/2016,37.66666667,72.48148148,space_mountain
12/21/2016,,70.67153285,space_mountain
12/22/2016,21.75,-25.86956522,space_mountain
12/23/2016,5,43.26605505,space_mountain
12/24/2016,,44.09322034,space_mountain
12/25/2016,9,-32.99212598,space_mountain
12/26/2016,4,50.86153846,space_mountain
12/27/2016,3,70.85714286,space_mountain
12/28/2016,18.5,123.1782946,space_mountain
12/29/2016,,114.1085271,space_mountain
12/30/2016,18,13.47651007,space_mountain
12/31/2016,30.33333333,146.3235294,space_mountain
1/1/2017,25.5,64.20168067,space_mountain
1/2/2017,,-3.921052632,space_mountain
1/3/2017,,93.08823529,space_mountain
1/4/2017,14.33333333,115.4867257,space_mountain
1/5/2017,51.5,4.537815126,space_mountain
1/6/2017,19.5,-103.2116788,space_mountain
1/7/2017,3.5,51.94444444,space_mountain
1/8/2017,7.666666667,68.65168539,space_mountain
1/9/2017,14,-48.27777778,space_mountain
1/10/2017,,-112.1176471,space_mountain
1/11/2017,27,49.85148515,space_mountain
1/12/2017,,-101.0574713,space_mountain
1/13/2017,15,65.84821429,space_mountain
1/14/2017,14,83.21428571,space_mountain
1/15/2017,,98.79464286,space_mountain
1/16/2017,,58.57798165,space_mountain
1/17/2017,,48.07228916,space_mountain
1/18/2017,12,-54.60606061,space_mountain
1/19/2017,,16.84705882,space_mountain
1/20/2017,30,33.625,space_mountain
1/21/2017,56,-19.79012346,space_mountain
1/22/2017,14.8,25.76086957,space_mountain
1/23/2017,,42.6,space_mountain
1/24/2017,36,-30.69230769,space_mountain
1/25/2017,,43.69565217,space_mountain
1/26/2017,,39.79166667,space_mountain
1/27/2017,,-101.31,space_mountain
1/28/2017,10.5,60.11235955,space_mountain
1/29/2017,5,18.24390244,space_mountain
1/30/2017,,39.55128205,space_mountain
1/31/2017,13,9.857142857,space_mountain
2/1/2017,9,0.924528302,space_mountain
2/2/2017,21.33333333,-5.76,space_mountain
2/3/2017,18.5,18.432,space_mountain
2/4/2017,26.5,-128.1964286,space_mountain
2/5/2017,17,36.54807692,space_mountain
2/6/2017,8,60.37634409,space_mountain
2/7/2017,10,34.71590909,space_mountain
2/8/2017,14,4.318584071,space_mountain
2/9/2017,,37.24137931,space_mountain
2/10/2017,,37.46218487,space_mountain
2/11/2017,9,63.27433628,space_mountain
2/12/2017,53.33333333,-52.83928571,space_mountain
2/13/2017,62,67.22222222,space_mountain
2/14/2017,6,44.89247312,space_mountain
2/15/2017,69,-127.4867257,space_mountain
2/16/2017,22,61.92307692,space_mountain
2/17/2017,,-80.728,space_mountain
2/18/2017,,94.48529412,space_mountain
2/19/2017,24,96.54411765,space_mountain
2/20/2017,42,-146.6033058,space_mountain
2/21/2017,,88.70833333,space_mountain
2/22/2017,38,-56.71900826,space_mountain
2/23/2017,75.5,75.73275862,space_mountain
2/24/2017,13.25,78.17829457,space_mountain
2/25/2017,,-163.4915254,space_mountain
2/26/2017,,-180.904,space_mountain
2/27/2017,6,-189.0357143,space_mountain
2/28/2017,12,-135.7719298,space_mountain
3/1/2017,19.57142857,51.57258065,space_mountain
3/2/2017,48,54.11607143,space_mountain
3/3/2017,24,16.08661417,space_mountain
3/4/2017,23,74.75,space_mountain
3/5/2017,26,38.39423077,space_mountain
3/6/2017,22.5,70.37037037,space_mountain
3/7/2017,36,-31.85294118,space_mountain
3/8/2017,,57.33050847,space_mountain
3/9/2017,74,52.44036697,space_mountain
3/10/2017,12,-536.380531,space_mountain
3/11/2017,27,64.70866142,space_mountain
3/12/2017,30.5,65.10169492,space_mountain
3/13/2017,18,-147.6638655,space_mountain
3/14/2017,12.66666667,-104.2204724,space_mountain
3/15/2017,34.66666667,76.33552632,space_mountain
3/16/2017,12.8,108.4306569,space_mountain
3/17/2017,16,102.8308824,space_mountain
3/18/2017,15.5,90.84070796,space_mountain
3/19/2017,60,60.95049505,space_mountain
3/20/2017,27.66666667,79.04545455,space_mountain
3/21/2017,,79.85981308,space_mountain
3/22/2017,,69.73684211,space_mountain
3/23/2017,32.5,-140.8974359,space_mountain
3/24/2017,45,101.5966387,space_mountain
3/25/2017,,44.92372881,space_mountain
3/26/2017,25.75,70.31531532,space_mountain
3/27/2017,,51.09821429,space_mountain
3/28/2017,34,72.09401709,space_mountain
3/29/2017,19,69.74264706,space_mountain
3/30/2017,21,74.74576271,space_mountain
3/31/2017,19,85.69105691,space_mountain
4/1/2017,17,83.61607143,space_mountain
4/2/2017,34,61.93396226,space_mountain
4/3/2017,22,73.19672131,space_mountain
4/4/2017,,81.85840708,space_mountain
4/5/2017,47.5,66.86131387,space_mountain
4/6/2017,,-13.61904762,space_mountain
4/7/2017,18.2,-5.169230769,space_mountain
4/8/2017,36.33333333,-55.29133858,space_mountain
4/9/2017,21.5,70.08403361,space_mountain
4/10/2017,,55.95588235,space_mountain
4/11/2017,7.333333333,-31.38513514,space_mountain
4/12/2017,20,24.83448276,space_mountain
4/13/2017,11.5,96.05263158,space_mountain
4/14/2017,32.33333333,37.39552239,space_mountain
4/15/2017,5,5.432835821,space_mountain
4/16/2017,20.5,20.88721805,space_mountain
4/17/2017,12,-66.49193548,space_mountain
4/18/2017,14,8.222222222,space_mountain
4/19/2017,3,55.22580645,space_mountain
4/20/2017,21.25,-30.22307692,space_mountain
4/21/2017,19,51.50862069,space_mountain
4/22/2017,10.33333333,-455.8230088,space_mountain
4/23/2017,36,46.53465347,space_mountain
4/24/2017,,42.97169811,space_mountain
4/25/2017,19.5,-129.7358491,space_mountain
4/26/2017,40,35.98360656,space_mountain
4/27/2017,,-108.8090909,space_mountain
4/28/2017,,-38.4789916,space_mountain
4/29/2017,,31.29464286,space_mountain
4/30/2017,37,48.28571429,space_mountain
5/1/2017,,-23.37864078,space_mountain
5/2/2017,10,33.63636364,space_mountain
5/3/2017,11,-10.28333333,space_mountain
5/4/2017,,44.85576923,space_mountain
5/5/2017,5,57.09821429,space_mountain
5/6/2017,27,34.2295082,space_mountain
5/7/2017,9,61.01769912,space_mountain
5/8/2017,13,51.48275862,space_mountain
5/9/2017,22.66666667,-28.23214286,space_mountain
5/10/2017,32.4,41.03053435,space_mountain
5/11/2017,,55,space_mountain
5/12/2017,18.4,67.83088235,space_mountain
5/13/2017,71,48.54782609,space_mountain
5/14/2017,20,51.84684685,space_mountain
5/15/2017,23,-17.0173913,space_mountain
5/16/2017,14,-26.14953271,space_mountain
5/17/2017,13,-55.09917355,space_mountain
5/18/2017,52.5,44.50980392,space_mountain
5/19/2017,26,-17.5625,space_mountain
5/20/2017,,68.66666667,space_mountain
5/21/2017,7,49.25,space_mountain
5/22/2017,,57.63888889,space_mountain
5/23/2017,,61.94690265,space_mountain
5/24/2017,40,49.83333333,space_mountain
5/25/2017,38,61.78571429,space_mountain
5/26/2017,11,-68.62686567,space_mountain
5/27/2017,13.25,63.5952381,space_mountain
5/28/2017,,25.52777778,space_mountain
5/29/2017,29,-144.1196581,space_mountain
5/30/2017,30.5,47.01724138,space_mountain
5/31/2017,,-49.27777778,space_mountain
6/1/2017,51,26.2972973,space_mountain
6/2/2017,11.75,76.32,space_mountain
6/3/2017,,-73.56666667,space_mountain
6/4/2017,8,-69.45945946,space_mountain
6/5/2017,,46.28703704,space_mountain
6/6/2017,16.66666667,82.52252252,space_mountain
6/7/2017,34,-111.4051724,space_mountain
6/8/2017,90,-78.93043478,space_mountain
6/9/2017,41.4,83.18584071,space_mountain
6/10/2017,36.8,61.18421053,space_mountain
6/11/2017,9,34.00961538,space_mountain
6/12/2017,19,-1.931623932,space_mountain
6/13/2017,36.75,90.85470085,space_mountain
6/14/2017,20,69.72027972,space_mountain
6/15/2017,21,59.02777778,space_mountain
6/16/2017,7,-7.146341463,space_mountain
6/17/2017,13,-33.47457627,space_mountain
6/18/2017,20,10.7706422,space_mountain
6/19/2017,24.33333333,56.40178571,space_mountain
6/20/2017,44,39,space_mountain
6/21/2017,50,1.897435897,space_mountain
6/22/2017,15,76.21621622,space_mountain
6/23/2017,14.75,27.15492958,space_mountain
6/24/2017,,41.384,space_mountain
6/25/2017,62,-223.9785714,space_mountain
6/26/2017,,66.45384615,space_mountain
6/27/2017,18,32.07246377,space_mountain
6/28/2017,32,100.4594595,space_mountain
6/29/2017,,74.50833333,space_mountain
6/30/2017,11,-24.78417266,space_mountain
7/1/2017,16,58.76422764,space_mountain
7/2/2017,48.5,-65.90151515,space_mountain
7/3/2017,16.42857143,-87.4852071,space_mountain
7/4/2017,70,107.5185185,space_mountain
7/5/2017,26.33333333,-72.26717557,space_mountain
7/6/2017,41.5,-45.1640625,space_mountain
7/7/2017,20.28571429,29.47058824,space_mountain
7/8/2017,,-56.656,space_mountain
7/9/2017,25.33333333,-159.7253521,space_mountain
7/10/2017,,-217.5619835,space_mountain
7/11/2017,,-141.1603053,space_mountain
7/12/2017,6,-44.07194245,space_mountain
7/13/2017,7,27.22727273,space_mountain
7/14/2017,46,52.05925926,space_mountain
7/15/2017,19,14.63076923,space_mountain
7/16/2017,,-100.7021277,space_mountain
7/17/2017,14,63.224,space_mountain
7/18/2017,18,-21.08208955,space_mountain
7/19/2017,54,93.78014184,space_mountain
7/20/2017,17,31.224,space_mountain
7/21/2017,13.5,78.22727273,space_mountain
7/22/2017,,-16.18548387,space_mountain
7/23/2017,7.5,-115.1931034,space_mountain
7/24/2017,12,-4.257575758,space_mountain
7/25/2017,,-40.31578947,space_mountain
7/26/2017,39.5,79.92156863,space_mountain
7/27/2017,17,79.1875,space_mountain
7/28/2017,,-34.75912409,space_mountain
7/29/2017,15.5,59.7016129,space_mountain
7/30/2017,19,-153.1865672,space_mountain
7/31/2017,,-56.93495935,space_mountain
8/1/2017,29,-126.2189781,space_mountain
8/2/2017,25.4,82.15862069,space_mountain
8/3/2017,29,53.7016129,space_mountain
8/4/2017,18.2,63.74825175,space_mountain
8/5/2017,27.66666667,50.17692308,space_mountain
8/6/2017,25,-111.0942029,space_mountain
8/7/2017,23,58.45454545,space_mountain
8/8/2017,33,-177.1176471,space_mountain
8/9/2017,23,2.958041958,space_mountain
8/10/2017,,-170.6370968,space_mountain
8/11/2017,28.25,73.36641221,space_mountain
8/12/2017,34,56.29365079,space_mountain
8/13/2017,33,-46.61971831,space_mountain
8/14/2017,18,57.17741935,space_mountain
8/15/2017,20,-158.4788732,space_mountain
8/16/2017,19,24.62,space_mountain
8/17/2017,44,-52.92682927,space_mountain
8/18/2017,9,62.94852941,space_mountain
8/19/2017,26.66666667,31.60902256,space_mountain
8/20/2017,31.33333333,-49.20138889,space_mountain
8/21/2017,,39.69672131,space_mountain
8/22/2017,26.66666667,-168.6642857,space_mountain
8/23/2017,20.33333333,38.08441558,space_mountain
8/24/2017,39,34.944,space_mountain
8/25/2017,13.4,23.7388535,space_mountain
8/26/2017,,-46.70992366,space_mountain
8/27/2017,58,-67.31343284,space_mountain
8/28/2017,61,-154.4076923,space_mountain
8/29/2017,21,-60.88957055,space_mountain
8/30/2017,60,14.72340426,space_mountain
8/31/2017,46,-153.7948718,space_mountain
9/1/2017,15.23076923,-96.07602339,space_mountain
9/2/2017,21,50.10077519,space_mountain
9/3/2017,52,-86.1656051,space_mountain
9/4/2017,,-299.6554622,space_mountain
9/5/2017,39.5,-275.7230769,space_mountain
9/6/2017,13,-72.85,space_mountain
9/7/2017,12.75,-1.230263158,space_mountain
9/8/2017,22.5,-450.0873016,space_mountain
9/9/2017,10.8,-72.57723577,space_mountain
9/12/2017,5.666666667,-25.65562914,space_mountain
9/13/2017,13,-2.533834586,space_mountain
9/14/2017,21,-307.1061947,space_mountain
9/15/2017,14,-213.9745223,space_mountain
9/16/2017,43,-28.80714286,space_mountain
9/17/2017,15,-142.6474359,space_mountain
9/18/2017,21,39.448,space_mountain
9/19/2017,32.33333333,-110.9074074,space_mountain
9/20/2017,23.14285714,28.18382353,space_mountain
9/21/2017,,-496.6782609,space_mountain
9/22/2017,35.14285714,-67.44585987,space_mountain
9/23/2017,25,51.90225564,space_mountain
9/24/2017,14.5,-151.0440252,space_mountain
9/25/2017,19,31.07894737,space_mountain
9/26/2017,16.33333333,-150.8726115,space_mountain
9/27/2017,,-98.08270677,space_mountain
9/28/2017,36,-590.6147541,space_mountain
9/29/2017,10,-362.4013158,space_mountain
9/30/2017,24.5,-363.1118421,space_mountain
10/1/2017,28,-23.92517007,space_mountain
10/2/2017,8,-34.70138889,space_mountain
10/3/2017,17.57142857,4.267123288,space_mountain
10/4/2017,27.375,48.82389937,space_mountain
10/5/2017,24.6,-71.43312102,space_mountain
10/6/2017,34,40.7515528,space_mountain
10/7/2017,4,106.0129032,space_mountain
10/8/2017,18.5,62.26751592,space_mountain
10/9/2017,49,-105.8618421,space_mountain
10/10/2017,13,21.30263158,space_mountain
10/11/2017,33.5,-89.34502924,space_mountain
10/12/2017,25.33333333,-29.86666667,space_mountain
10/13/2017,27.5,18.87261146,space_mountain
10/14/2017,,43.33333333,space_mountain
10/15/2017,35.33333333,-106.7631579,space_mountain
10/16/2017,14,-10.14189189,space_mountain
10/17/2017,26.66666667,-143.3636364,space_mountain
10/18/2017,14.83333333,32.88125,space_mountain
10/19/2017,12,-41.23308271,space_mountain
10/20/2017,9.5,39.725,space_mountain
10/21/2017,30.33333333,19.33552632,space_mountain
10/22/2017,25,-35.56410256,space_mountain
10/23/2017,23,-63.08955224,space_mountain
10/24/2017,16.2,-61.45806452,space_mountain
10/25/2017,10.5,43.02702703,space_mountain
10/26/2017,19.5,-67.67741935,space_mountain
10/27/2017,9.333333333,-119.1898734,space_mountain
10/28/2017,9.75,39.15432099,space_mountain
10/29/2017,19.5,22.9025974,space_mountain
10/30/2017,,46.93129771,space_mountain
10/31/2017,,-77.98684211,space_mountain
11/1/2017,21.66666667,8.496774194,space_mountain
11/2/2017,24.5,32.29464286,space_mountain
11/3/2017,30.6,26.37301587,space_mountain
11/4/2017,12,-105.1703704,space_mountain
11/5/2017,38,-133.5185185,space_mountain
11/6/2017,,-56.91428571,space_mountain
11/7/2017,25.66666667,35.0212766,space_mountain
11/8/2017,13.33333333,48.42758621,space_mountain
11/9/2017,11.5,27.18987342,space_mountain
11/10/2017,26,40.67272727,space_mountain
11/11/2017,20.5,37.19047619,space_mountain
11/12/2017,17.4,26.93670886,space_mountain
11/13/2017,24,51.89473684,space_mountain
11/14/2017,13.66666667,17.55629139,space_mountain
11/15/2017,17,-28.79856115,space_mountain
11/16/2017,24.6,13.37735849,space_mountain
11/17/2017,19,17.08280255,space_mountain
11/18/2017,,-86.94,space_mountain
11/19/2017,13,-20.75163399,space_mountain
11/20/2017,,102.3355705,space_mountain
11/21/2017,47.5,67.67114094,space_mountain
11/22/2017,48,-191.5502959,space_mountain
11/23/2017,,75.75641026,space_mountain
11/24/2017,16,35.06060606,space_mountain
11/25/2017,6.5,72.08917197,space_mountain
11/26/2017,18.42857143,23.68,space_mountain
11/27/2017,3,47.64748201,space_mountain
11/28/2017,15.2,-73.78205128,space_mountain
11/29/2017,22,13.359375,space_mountain
11/30/2017,22.6,-1.180722892,space_mountain
12/1/2017,11.5,-66.55421687,space_mountain
12/2/2017,1,67.74666667,space_mountain
12/3/2017,37,15.91390728,space_mountain
12/4/2017,,-40.91791045,space_mountain
12/5/2017,13.11111111,11.50931677,space_mountain
12/6/2017,14.5,-20.09210526,space_mountain
12/7/2017,14,-90.07843137,space_mountain
12/8/2017,21.33333333,-112.9578313,space_mountain
12/9/2017,,-82.09933775,space_mountain
12/10/2017,14.8,28.9205298,space_mountain
12/11/2017,,-8.762376238,space_mountain
12/12/2017,6.666666667,9.089552239,space_mountain
12/13/2017,24.66666667,24.47619048,space_mountain
12/14/2017,23.4,-5.352941176,space_mountain
12/15/2017,29,15.20731707,space_mountain
12/16/2017,21.5,78.79354839,space_mountain
12/17/2017,17,3.152866242,space_mountain
12/18/2017,109.5,121.0886076,space_mountain
12/19/2017,33.83333333,-86.35135135,space_mountain
12/20/2017,17,104.2868852,space_mountain
12/21/2017,17,33.92,space_mountain
12/22/2017,10,-21.29761905,space_mountain
12/23/2017,7.6,12.52760736,space_mountain
12/24/2017,28.66666667,-64.1875,space_mountain
12/25/2017,81,56.18867925,space_mountain
12/26/2017,13.5,-9.841772152,space_mountain
12/27/2017,13.5,84.1626506,space_mountain
12/28/2017,12.33333333,104.2865854,space_mountain
12/29/2017,12.66666667,21.71341463,space_mountain
12/30/2017,25,41.44270833,space_mountain
12/31/2017,,49.58579882,space_mountain
1/1/2018,14.75,-50.18543046,space_mountain
1/2/2018,41.25,94.23529412,space_mountain
1/3/2018,48.4,49.40606061,space_mountain
1/4/2018,64.33333333,46.83766234,space_mountain
1/5/2018,16.75,-38.95454545,space_mountain
1/6/2018,,-25.67669173,space_mountain
1/7/2018,,53.82051282,space_mountain
1/8/2018,32.8,37,space_mountain
1/9/2018,7,-67.41525424,space_mountain
1/10/2018,23.66666667,37.3671875,space_mountain
1/11/2018,20,32.46902655,space_mountain
1/12/2018,25,51.62857143,space_mountain
1/13/2018,62.5,-132.3782051,space_mountain
1/14/2018,,-151.9266667,space_mountain
1/15/2018,11.83333333,44.98484848,space_mountain
1/16/2018,13,-200.7966102,space_mountain
1/17/2018,25.66666667,36.91338583,space_mountain
1/18/2018,38,-743.1346154,space_mountain
1/19/2018,33.75,-13.49166667,space_mountain
1/20/2018,24,80.31788079,space_mountain
1/21/2018,42.33333333,-44.85294118,space_mountain
1/22/2018,11,40.63551402,space_mountain
1/23/2018,56,-77.96610169,space_mountain
1/24/2018,60,49.784,space_mountain
1/25/2018,15,35.6,space_mountain
1/26/2018,27,20.63865546,space_mountain
1/27/2018,11,70.56410256,space_mountain
1/28/2018,32,-74.23275862,space_mountain
1/29/2018,19.33333333,-119.1864407,space_mountain
1/30/2018,62.5,43.29357798,space_mountain
1/31/2018,15,28.15873016,space_mountain
2/1/2018,15,-73.90990991,space_mountain
2/2/2018,,-73.24615385,space_mountain
2/3/2018,20,83.37179487,space_mountain
2/4/2018,19.75,-138.609375,space_mountain
2/5/2018,23.66666667,10.44067797,space_mountain
2/6/2018,,-62.8,space_mountain
2/7/2018,26,-49.77868852,space_mountain
2/8/2018,,-703.0648148,space_mountain
2/9/2018,15.5,-84.99242424,space_mountain
2/10/2018,30,-10.94630872,space_mountain
2/11/2018,,-28.78676471,space_mountain
2/12/2018,,-977.7578947,space_mountain
2/13/2018,73.5,-226.64,space_mountain
2/14/2018,,75.29230769,space_mountain
2/15/2018,27.5,119.5754717,space_mountain
2/16/2018,27.5,-293.8831169,space_mountain
2/17/2018,9.333333333,-97.77777778,space_mountain
2/18/2018,11.33333333,99.21192053,space_mountain
2/19/2018,47.33333333,73.43661972,space_mountain
2/20/2018,11,-46.15441176,space_mountain
2/21/2018,48,-201.3287671,space_mountain
2/22/2018,,-47.63709677,space_mountain
2/23/2018,89,-52.41496599,space_mountain
2/24/2018,3,67.33561644,space_mountain
2/25/2018,11,-195.7264957,space_mountain
2/26/2018,36,39.224,space_mountain
2/27/2018,44,-56.37681159,space_mountain
2/28/2018,25,-62.86764706,space_mountain
3/1/2018,7,50.98290598,space_mountain
3/2/2018,16,-54.33082707,space_mountain
3/3/2018,20,-52.54545455,space_mountain
3/4/2018,28.33333333,-32.97202797,space_mountain
3/5/2018,,-184.4732143,space_mountain
3/6/2018,,-148.912,space_mountain
3/7/2018,16.5,-56.51111111,space_mountain
3/8/2018,,77.95614035,space_mountain
3/9/2018,,-15.56115108,space_mountain
3/10/2018,,-209.8089172,space_mountain
3/11/2018,14.33333333,-220.3265306,space_mountain
3/12/2018,12,-105.8120805,space_mountain
3/13/2018,28.25,-55.55555556,space_mountain
3/14/2018,53.4,-8.96969697,space_mountain
3/15/2018,13,-83.32278481,space_mountain
3/16/2018,11,73.56329114,space_mountain
3/17/2018,15,26.41059603,space_mountain
3/18/2018,40.75,-45.94776119,space_mountain
3/19/2018,15,42.52173913,space_mountain
3/20/2018,20,-73.09933775,space_mountain
3/21/2018,16,-170.7284768,space_mountain
3/22/2018,,-7.117647059,space_mountain
3/23/2018,15,85.77631579,space_mountain
3/24/2018,40,75.82269504,space_mountain
3/25/2018,72,-6.664233577,space_mountain
3/26/2018,,27.75333333,space_mountain
3/27/2018,26,-105.9477124,space_mountain
3/28/2018,27,34.40116279,space_mountain
3/29/2018,55.5,21.41830065,space_mountain
3/30/2018,20,62.83544304,space_mountain
3/31/2018,58,76.30714286,space_mountain
4/1/2018,69.57142857,23.74358974,space_mountain
4/2/2018,22.5,47.05228758,space_mountain
4/3/2018,18.75,98.09615385,space_mountain
4/4/2018,20,94.01149425,space_mountain
4/5/2018,34,-48.56410256,space_mountain
4/6/2018,20.5,-38.78698225,space_mountain
4/7/2018,21.66666667,73.4379085,space_mountain
4/8/2018,28.5,-73.80597015,space_mountain
4/9/2018,21,14.01492537,space_mountain
4/10/2018,,-90.84558824,space_mountain
4/11/2018,7.5,-40.61538462,space_mountain
4/12/2018,23.5,-257.0243902,space_mountain
4/13/2018,35,-145.9202899,space_mountain
4/14/2018,17,59.77631579,space_mountain
4/15/2018,22,-108.2662338,space_mountain
4/16/2018,13,-28.7398374,space_mountain
4/17/2018,35,-48.08527132,space_mountain
4/18/2018,14.75,-6.476821192,space_mountain
4/19/2018,16.5,-243.9765625,space_mountain
4/20/2018,12.75,34.05925926,space_mountain
4/21/2018,36.5,57.52287582,space_mountain
4/22/2018,26,-93.85314685,space_mountain
4/23/2018,5,-19.60902256,space_mountain
4/24/2018,18,-66.66923077,space_mountain
4/25/2018,,9.652892562,space_mountain
4/26/2018,,-71.89344262,space_mountain
4/27/2018,11,-103.3661972,space_mountain
4/28/2018,,-119.7919463,space_mountain
4/29/2018,20,-36.50704225,space_mountain
4/30/2018,10,-60.46341463,space_mountain
5/1/2018,12,-73.33333333,space_mountain
5/2/2018,12,20.89261745,space_mountain
5/3/2018,9,21.58196721,space_mountain
5/4/2018,12.5,-11.66666667,space_mountain
5/5/2018,11.25,57.34210526,space_mountain
5/6/2018,23,46.25757576,space_mountain
5/7/2018,14,51.11643836,space_mountain
5/8/2018,,-69.890625,space_mountain
5/9/2018,15.5,-141.0833333,space_mountain
5/10/2018,30.33333333,28.57142857,space_mountain
5/11/2018,13.5,-64.4,space_mountain
5/12/2018,28,85.83333333,space_mountain
5/13/2018,30,46.58064516,space_mountain
5/14/2018,,21.664,space_mountain
5/15/2018,,-68.43703704,space_mountain
5/16/2018,24.5,-75.73717949,space_mountain
5/17/2018,,-50.68292683,space_mountain
5/18/2018,13,-395.0072993,space_mountain
5/19/2018,45,33.14473684,space_mountain
5/20/2018,9,-73.25373134,space_mountain
5/21/2018,46.5,-152.2845528,space_mountain
5/22/2018,33,-69.85074627,space_mountain
5/23/2018,21.5,-187.1126761,space_mountain
5/24/2018,37,46.18181818,space_mountain
5/25/2018,19,-156.3611111,space_mountain
5/26/2018,6,66.77333333,space_mountain
5/27/2018,,-118.8783784,space_mountain
5/28/2018,19,30.52898551,space_mountain
5/29/2018,37,-36.04861111,space_mountain
5/30/2018,13.33333333,6.932515337,space_mountain
5/31/2018,11,-38.28467153,space_mountain
6/1/2018,10,-70.6433121,space_mountain
6/2/2018,43.4,60.0397351,space_mountain
6/3/2018,17.8,-83.26623377,space_mountain
6/4/2018,,34.32894737,space_mountain
6/5/2018,32.5,-101.5,space_mountain
6/6/2018,18.5,-213.1097561,space_mountain
6/7/2018,60,-55.41258741,space_mountain
6/8/2018,18.8,-76.29192547,space_mountain
6/9/2018,41.5,-53.26760563,space_mountain
6/10/2018,37,-231.3032258,space_mountain
6/11/2018,,-78.77027027,space_mountain
6/12/2018,23,-105.2317881,space_mountain
6/13/2018,36.2,9.447674419,space_mountain
6/14/2018,27.33333333,-190.8601399,space_mountain
6/15/2018,38.8,-44.51572327,space_mountain
6/16/2018,24,-44.16551724,space_mountain
6/17/2018,49.66666667,-116.2251656,space_mountain
6/18/2018,21,-52.34246575,space_mountain
6/19/2018,8,-173.0567376,space_mountain
6/20/2018,18,-218.1677019,space_mountain
6/21/2018,32.5,-14.2260274,space_mountain
6/22/2018,26,-75.34146341,space_mountain
6/23/2018,6.6,5.22754491,space_mountain
6/24/2018,19.75,-160.7108434,space_mountain
6/25/2018,13,-130.1523179,space_mountain
6/26/2018,9,-85.15,space_mountain
6/27/2018,50.5,-59.16091954,space_mountain
6/28/2018,36.33333333,-179.9361702,space_mountain
6/29/2018,20,-53.9375,space_mountain
6/30/2018,6,-137.4857143,space_mountain
7/1/2018,52.33333333,-178.222973,space_mountain
7/2/2018,,-344.5319149,space_mountain
7/3/2018,24.81818182,-3.8125,space_mountain
7/4/2018,,7.122807018,space_mountain
7/5/2018,27,-14.56551724,space_mountain
7/6/2018,32.66666667,-34.75409836,space_mountain
7/7/2018,13,2.888059701,space_mountain
7/8/2018,26.33333333,-127.7054795,space_mountain
7/9/2018,47.5,12.38167939,space_mountain
7/10/2018,67,-119.4755245,space_mountain
7/11/2018,,-235.4625,space_mountain
7/12/2018,76,-148.0144928,space_mountain
7/13/2018,24.33333333,-203.6225166,space_mountain
7/14/2018,13.6,-131.6482759,space_mountain
7/15/2018,37.33333333,-174.5827815,space_mountain
7/16/2018,61,-164.6690647,space_mountain
7/17/2018,9.666666667,-95.1242236,space_mountain
7/18/2018,31,-180,space_mountain
7/19/2018,72,-32.56934307,space_mountain
7/20/2018,19.5,-19.64666667,space_mountain
7/21/2018,12,-54.47586207,space_mountain
7/22/2018,41,-136.630137,space_mountain
7/23/2018,6,9.059602649,space_mountain
7/24/2018,9,-24.16339869,space_mountain
7/25/2018,17.75,-96.09039548,space_mountain
7/26/2018,,6.584615385,space_mountain
7/27/2018,23,-138.1862069,space_mountain
7/28/2018,5,2.826388889,space_mountain
7/29/2018,15,-128.0555556,space_mountain
7/30/2018,17.66666667,-153.390411,space_mountain
7/31/2018,,-30.83571429,space_mountain
8/1/2018,24,-11.1,space_mountain
8/2/2018,47.75,-21.57615894,space_mountain
8/3/2018,13.33333333,-117.8611111,space_mountain
8/4/2018,63,14.96453901,space_mountain
8/5/2018,21,-259.1342282,space_mountain
8/6/2018,11.33333333,-114.6834532,space_mountain
8/7/2018,16,-164.5405405,space_mountain
8/8/2018,,-5.634146341,space_mountain
8/9/2018,11,-41.60869565,space_mountain
8/10/2018,32,-35.83552632,space_mountain
8/11/2018,5,-91.40540541,space_mountain
8/12/2018,51,-168.3782051,space_mountain
8/13/2018,,-204.5714286,space_mountain
8/14/2018,16.33333333,-114.9032258,space_mountain
8/15/2018,30,-99.13690476,space_mountain
8/16/2018,30,-43.4829932,space_mountain
8/17/2018,9.769230769,-40.17679558,space_mountain
8/18/2018,35,-133.245283,space_mountain
8/19/2018,26.33333333,-232.6510067,space_mountain
8/20/2018,40,-176.0444444,space_mountain
8/21/2018,8,-122.7960526,space_mountain
8/22/2018,24,-257.4013158,space_mountain
8/23/2018,21.66666667,-18.41911765,space_mountain
8/24/2018,20.07142857,-85,space_mountain
8/25/2018,15.25,-147.7534247,space_mountain
8/26/2018,31,-204.4268293,space_mountain
8/27/2018,30.33333333,-110.415493,space_mountain
8/28/2018,23.5,-204.25,space_mountain
8/29/2018,23.4,-55.28965517,space_mountain
8/30/2018,,-296.24,space_mountain
8/31/2018,13.66666667,-54.47928994,space_mountain
9/1/2018,24,-115.1790123,space_mountain
9/2/2018,14.66666667,-11.1875,space_mountain
9/3/2018,15,-120.3677419,space_mountain
9/4/2018,9,-279.762963,space_mountain
9/5/2018,11,-142.7342657,space_mountain
9/6/2018,27.66666667,-158,space_mountain
9/7/2018,16.63636364,-60.54761905,space_mountain
9/8/2018,36.42857143,-47.39455782,space_mountain
9/9/2018,19,-107.619883,space_mountain
9/10/2018,19.5,-201.8629032,space_mountain
9/11/2018,13.5,-223.6607143,space_mountain
9/12/2018,24,-118.0205479,space_mountain
9/13/2018,8,-62.46456693,space_mountain
9/14/2018,16.61538462,-36.25657895,space_mountain
9/15/2018,52,-22.42753623,space_mountain
9/16/2018,19.4,-39.35714286,space_mountain
9/17/2018,25,-71.34677419,space_mountain
9/18/2018,22.83333333,-182.6589595,space_mountain
9/19/2018,25.5,-146.5695364,space_mountain
9/20/2018,6,-55.19354839,space_mountain
9/21/2018,19.16666667,-94.75925926,space_mountain
9/22/2018,,-50.36111111,space_mountain
9/23/2018,10,-222.7878788,space_mountain
9/24/2018,,-157.6721311,space_mountain
9/25/2018,16,-195.7,space_mountain
9/26/2018,16.5,-57.6,space_mountain
9/27/2018,,-85.63114754,space_mountain
9/28/2018,18,-56.95808383,space_mountain
9/29/2018,27.75,-84.31137725,space_mountain
9/30/2018,14.5,-202.2369942,space_mountain
10/1/2018,13,-165.7080292,space_mountain
10/2/2018,14.83333333,-120.5542169,space_mountain
10/3/2018,,-47.96644295,space_mountain
10/4/2018,34.75,-137.012987,space_mountain
10/5/2018,12.66666667,-39.27044025,space_mountain
10/6/2018,129,-601.8068966,space_mountain
10/7/2018,34,-223.2980132,space_mountain
10/8/2018,26,-92.58974359,space_mountain
10/9/2018,41,-100.445122,space_mountain
10/10/2018,34.5,-12.2173913,space_mountain
10/11/2018,29.8,-52.7254902,space_mountain
10/12/2018,26.2,-43.20710059,space_mountain
10/13/2018,,-234.8095238,space_mountain
10/14/2018,21.33333333,-301.0179641,space_mountain
10/15/2018,,-260.2615385,space_mountain
10/16/2018,22.6,-132.0292398,space_mountain
10/17/2018,28.5,-197.5695364,space_mountain
10/18/2018,14.75,-37.15686275,space_mountain
10/19/2018,23,-106.1194969,space_mountain
10/20/2018,27.33333333,-132.6170213,space_mountain
10/21/2018,25,-181.1717791,space_mountain
10/22/2018,41.5,-51.12592593,space_mountain
10/23/2018,,-107.7289157,space_mountain
10/24/2018,,-43.53289474,space_mountain
10/25/2018,19.85714286,-78.85714286,space_mountain
10/26/2018,22.66666667,-52.67878788,space_mountain
10/27/2018,20,-5.878787879,space_mountain
10/28/2018,25.85714286,-35.12820513,space_mountain
10/29/2018,37,-40.4379085,space_mountain
10/30/2018,16.375,-289.4269006,space_mountain
10/31/2018,16.14285714,-157.7352941,space_mountain
11/1/2018,12,-67.05185185,space_mountain
11/2/2018,36,-35.51851852,space_mountain
11/3/2018,17,-205.620438,space_mountain
11/4/2018,26.5,-106.9862069,space_mountain
11/5/2018,33,-118.893617,space_mountain
11/6/2018,51,-111.9931507,space_mountain
11/7/2018,32.5,-67.42424242,space_mountain
11/8/2018,12.33333333,-116.4050633,space_mountain
11/9/2018,22.5,-184.5426829,space_mountain
11/10/2018,15,-12.52760736,space_mountain
11/11/2018,,-39.24615385,space_mountain
11/12/2018,8,-111.7402597,space_mountain
11/13/2018,21,-255.2235294,space_mountain
11/14/2018,21.75,-39.19607843,space_mountain
11/15/2018,33.33333333,-428.1032258,space_mountain
11/16/2018,28.75,-50.23125,space_mountain
11/17/2018,29,-61.99315068,space_mountain
11/18/2018,21,-74.51572327,space_mountain
11/19/2018,116,-0.617021277,space_mountain
11/20/2018,25.5,-98.64705882,space_mountain
11/21/2018,19.66666667,-245.2560976,space_mountain
11/22/2018,72,18.1971831,space_mountain
11/23/2018,14.33333333,24.92715232,space_mountain
11/24/2018,,-69.61702128,space_mountain
11/25/2018,16.4,-107.3607595,space_mountain
11/26/2018,56,-92.0075188,space_mountain
11/27/2018,22.8,-195.3173653,space_mountain
11/28/2018,46.5,-38.08496732,space_mountain
11/29/2018,11.33333333,-156.3677419,space_mountain
11/30/2018,30.85714286,-144.1525424,space_mountain
12/1/2018,,-174.8402778,space_mountain
12/2/2018,19.28571429,-120.2071006,space_mountain
12/3/2018,31,-92.38345865,space_mountain
12/4/2018,28.25,-145.6607143,space_mountain
12/5/2018,24.33333333,-117.5649351,space_mountain
12/6/2018,25.8,-53.45,space_mountain
12/7/2018,14.5,-315.8783069,space_mountain
12/8/2018,27.66666667,-226.136612,space_mountain
12/9/2018,31.44444444,-18.43870968,space_mountain
12/10/2018,23,-25.38666667,space_mountain
12/11/2018,18.5,-127.654321,space_mountain
12/12/2018,33,-81.29936306,space_mountain
12/13/2018,24.6,-58.93464052,space_mountain
12/14/2018,39,-51.92121212,space_mountain
12/15/2018,49,-6.748427673,space_mountain
12/16/2018,43.625,-153.8268156,space_mountain
12/17/2018,25.5,-233.8356164,space_mountain
12/18/2018,29.66666667,-99.79768786,space_mountain
12/19/2018,32,-73.70987654,space_mountain
12/20/2018,21.33333333,-66.82236842,space_mountain
12/21/2018,81,-119.8909091,space_mountain
12/22/2018,,-247.6927374,space_mountain
12/23/2018,41.5,-77.15294118,space_mountain
12/24/2018,9,9.662721893,space_mountain
12/25/2018,13.5,-39.6035503,space_mountain
12/26/2018,,0.702380952,space_mountain
12/27/2018,24,10.20958084,space_mountain
12/28/2018,32,9.396449704,space_mountain
12/29/2018,15.75,-117.1904762,space_mountain
12/30/2018,,-174.9315789,space_mountain
12/31/2018,20,55.54444444,space_mountain
1/1/2019,54,-21.37762238,space_mountain
1/2/2019,99,12.79861111,space_mountain
1/3/2019,,26.4248366,space_mountain
1/4/2019,47,16.67532468,space_mountain
1/5/2019,47.5,-91.32876712,space_mountain
1/6/2019,58.33333333,-121.9852941,space_mountain
1/7/2019,23.33333333,-108.4475524,space_mountain
1/8/2019,,-151.4919355,space_mountain
1/9/2019,42.5,-207.2653061,space_mountain
1/10/2019,28.66666667,-330.184,space_mountain
1/11/2019,34.25,-100.9264706,space_mountain
1/12/2019,22,-17.58865248,space_mountain
1/13/2019,36.66666667,-156.9069767,space_mountain
1/14/2019,4.5,-96.664,space_mountain
1/15/2019,50.66666667,-161.4765625,space_mountain
1/16/2019,16.66666667,-278.25,space_mountain
1/17/2019,38,-78.23287671,space_mountain
1/18/2019,16,-92.34782609,space_mountain
1/19/2019,31,0.758389262,space_mountain
1/20/2019,7,-229.4892086,space_mountain
1/21/2019,23,-359.7063492,space_mountain
1/22/2019,,-453.503937,space_mountain
1/23/2019,44,-42.24460432,space_mountain
1/24/2019,23.5,-56.76923077,space_mountain
1/25/2019,16.125,-41.62043796,space_mountain
1/26/2019,,-122.462585,space_mountain
1/27/2019,7.5,-102.3809524,space_mountain
1/28/2019,,-154.6891892,space_mountain
1/29/2019,61,-140.4961832,space_mountain
1/30/2019,26,-46.21641791,space_mountain
1/31/2019,29.5,-61.61206897,space_mountain
2/1/2019,10.5,-31.92913386,space_mountain
2/2/2019,22,-29.65957447,space_mountain
2/3/2019,23.28571429,-81.1986755,space_mountain
2/4/2019,18,-57.7804878,space_mountain
2/5/2019,19,-107.3700787,space_mountain
2/6/2019,18,-155.173913,space_mountain
2/7/2019,,-151.7342657,space_mountain
2/8/2019,20.57142857,-106.4097222,space_mountain
2/9/2019,19,-174.5915493,space_mountain
2/10/2019,9,-83.83687943,space_mountain
2/11/2019,16,-60.21666667,space_mountain
2/12/2019,15.5,-120.5984252,space_mountain
2/13/2019,10.5,-49.91911765,space_mountain
2/14/2019,63,-41.18791946,space_mountain
2/15/2019,,-22.16197183,space_mountain
2/16/2019,58,-139.4539474,space_mountain
2/17/2019,,-69.9378882,space_mountain
2/18/2019,35,-119.3636364,space_mountain
2/19/2019,33,-112.3287671,space_mountain
2/20/2019,21,-38.34814815,space_mountain
2/21/2019,,-83.14569536,space_mountain
2/22/2019,10,-49.86567164,space_mountain
2/23/2019,,-28.10416667,space_mountain
2/24/2019,23,-62.9,space_mountain
2/25/2019,21,-50.09448819,space_mountain
2/26/2019,35,-97.07246377,space_mountain
2/27/2019,,-369.3731343,space_mountain
2/28/2019,35.25,-50.71830986,space_mountain
3/1/2019,12.5,-102.0364964,space_mountain
3/2/2019,,-19.8041958,space_mountain
3/3/2019,37,-110.7615894,space_mountain
3/4/2019,26,-38.07462687,space_mountain
3/5/2019,,-179.9407407,space_mountain
3/6/2019,23,-100.8609272,space_mountain
3/7/2019,23,-38.57615894,space_mountain
3/8/2019,27.83333333,-68.82550336,space_mountain
3/9/2019,50,-20.85314685,space_mountain
3/10/2019,,-235.1438356,space_mountain
3/11/2019,,-69.73134328,space_mountain
3/12/2019,,-78.86363636,space_mountain
3/13/2019,49,34.60365854,space_mountain
3/14/2019,14.5,-21.87586207,space_mountain
3/15/2019,49,-18.98717949,space_mountain
3/16/2019,55.5,-26.22916667,space_mountain
3/17/2019,18.5,-152.5771812,space_mountain
3/18/2019,,2.165413534,space_mountain
3/19/2019,54,-118.006993,space_mountain
3/20/2019,,-49.83766234,space_mountain
3/21/2019,29,-4.221518987,space_mountain
3/22/2019,41.5,13.64634146,space_mountain
3/23/2019,27,-171.2389937,space_mountain
3/24/2019,40.33333333,-137.9480519,space_mountain
3/25/2019,30,-247.6503497,space_mountain
3/26/2019,54.5,-173.0264901,space_mountain
3/27/2019,49.4,-5.895424837,space_mountain
3/28/2019,,-73.6746988,space_mountain
3/29/2019,47.66666667,-288.8053691,space_mountain
3/30/2019,34,-26.86153846,space_mountain
3/31/2019,28.5,-122.6896552,space_mountain
4/1/2019,,-335.2083333,space_mountain
4/2/2019,,-323.6712329,space_mountain
4/3/2019,,30.59477124,space_mountain
4/4/2019,21.5,-20.60714286,space_mountain
4/5/2019,39,-175.3571429,space_mountain
4/6/2019,21.5,-545.7152778,space_mountain
4/7/2019,40.5,-100.951049,space_mountain
4/8/2019,8,-37.27941176,space_mountain
4/9/2019,24.5,-142.6013514,space_mountain
4/10/2019,15,-50.30921053,space_mountain
4/11/2019,,-332.0310559,space_mountain
4/12/2019,15,-142.869281,space_mountain
4/13/2019,80,-87.18709677,space_mountain
4/14/2019,29,-91.3030303,space_mountain
4/15/2019,20.5,-3.304878049,space_mountain
4/16/2019,5,-4.024691358,space_mountain
4/17/2019,9.666666667,5.266666667,space_mountain
4/18/2019,,-277.345679,space_mountain
4/19/2019,16,-237.8505747,space_mountain
4/20/2019,36.33333333,-9.48125,space_mountain
4/21/2019,51,-104.9691358,space_mountain
4/22/2019,59,-183.8625,space_mountain
4/23/2019,14,-193.875,space_mountain
4/24/2019,48,-7.711864407,space_mountain
4/25/2019,9,-33.95652174,space_mountain
4/26/2019,23,-30.43902439,space_mountain
4/27/2019,26,-121.068323,space_mountain
4/28/2019,38,-162.5266667,space_mountain
4/29/2019,80,-71.0530303,space_mountain
4/30/2019,35,-57.88235294,space_mountain
5/1/2019,15.5,-49.62580645,space_mountain
5/2/2019,45,-170.8447205,space_mountain
5/3/2019,17,-43.35714286,space_mountain
5/4/2019,53.5,-312.3597122,space_mountain
5/5/2019,,-208.1543624,space_mountain
5/6/2019,10,-39.33834586,space_mountain
5/7/2019,,-281.4761905,space_mountain
5/8/2019,24.16666667,-141.0375,space_mountain
5/9/2019,17.33333333,-95.48170732,space_mountain
5/10/2019,23,-49.84353741,space_mountain
5/11/2019,15.5,-26.76821192,space_mountain
5/12/2019,52.33333333,-270.5870968,space_mountain
5/13/2019,18.66666667,-147.7121212,space_mountain
5/14/2019,12,-141.9054054,space_mountain
5/15/2019,27.8,-54.82894737,space_mountain
5/16/2019,36.2,-32.44848485,space_mountain
5/17/2019,,-84.22695035,space_mountain
5/18/2019,22.11111111,-100.5294118,space_mountain
5/19/2019,28.8,-117.7651007,space_mountain
5/20/2019,45.5,-56.3030303,space_mountain
5/21/2019,30,-212.72,space_mountain
5/22/2019,15.33333333,-137.3552632,space_mountain
5/23/2019,24,-42.04375,space_mountain
5/24/2019,38,-59.01398601,space_mountain
5/25/2019,37,-14.4966443,space_mountain
5/26/2019,40,-158.3571429,space_mountain
5/27/2019,19,-47.38518519,space_mountain
5/28/2019,,-269.4013605,space_mountain
5/29/2019,,-249.597561,space_mountain
5/30/2019,51,-51.76397516,space_mountain
5/31/2019,21.75,-23.90506329,space_mountain
6/1/2019,16.5,-305.1575758,space_mountain
6/2/2019,49.5,-178.4193548,space_mountain
6/3/2019,70,-31.40714286,space_mountain
6/4/2019,35,-180.1111111,space_mountain
6/5/2019,,-18.38650307,space_mountain
6/6/2019,13,-276.1049383,space_mountain
6/7/2019,26.875,-182.748538,space_mountain
6/8/2019,30,-33.70072993,space_mountain
6/9/2019,25.75,-122.2,space_mountain
6/10/2019,,-273.0540541,space_mountain
6/11/2019,26,-216.7152318,space_mountain
6/12/2019,40.66666667,17.70588235,space_mountain
6/13/2019,70,59.55882353,space_mountain
6/14/2019,18.85714286,75.57377049,space_mountain
6/15/2019,29.5,-68.57758621,space_mountain
6/16/2019,37.5,52,space_mountain
6/17/2019,,64.47826087,space_mountain
6/18/2019,59.25,-32.46153846,space_mountain
6/19/2019,,73.59848485,space_mountain
6/20/2019,27,73.48148148,space_mountain
6/21/2019,14,75.44776119,space_mountain
6/22/2019,37.66666667,-92.88,space_mountain
6/23/2019,38,-41.71818182,space_mountain
6/24/2019,,78.47826087,space_mountain
6/25/2019,64,62.76724138,space_mountain
6/26/2019,30.33333333,79.54545455,space_mountain
6/27/2019,33,54.18446602,space_mountain
6/28/2019,15,64.39655172,space_mountain
6/29/2019,46,78.78378378,space_mountain
6/30/2019,30,70.37383178,space_mountain
7/1/2019,28,56.33082707,space_mountain
7/2/2019,,-23.51515152,space_mountain
7/3/2019,,7.738562092,space_mountain
7/4/2019,,-20.78417266,space_mountain
7/5/2019,15,34.79487179,space_mountain
7/6/2019,,-4.044247788,space_mountain
7/7/2019,22.66666667,49.15652174,space_mountain
7/8/2019,16,-215.2110092,space_mountain
7/9/2019,51,103.1465517,space_mountain
7/10/2019,20,94.26136364,space_mountain
7/11/2019,,68.90510949,space_mountain
7/12/2019,28,83.00813008,space_mountain
7/13/2019,,-5.743362832,space_mountain
7/14/2019,29.5,89.02777778,space_mountain
7/15/2019,56.33333333,-238.1545455,space_mountain
7/16/2019,43.25,98.125,space_mountain
7/17/2019,28,81.89922481,space_mountain
7/18/2019,65,88.73076923,space_mountain
7/19/2019,18.8,82.6754386,space_mountain
7/20/2019,30.8,74.95495495,space_mountain
7/21/2019,24.66666667,67.90909091,space_mountain
7/22/2019,53,93.42592593,space_mountain
7/23/2019,20,-261.8648649,space_mountain
7/24/2019,,-154.4692308,space_mountain
7/25/2019,,-193.0211268,space_mountain
7/26/2019,30,35.57391304,space_mountain
7/27/2019,,-47.92592593,space_mountain
7/28/2019,18,82.10280374,space_mountain
7/29/2019,42.5,-21,space_mountain
7/30/2019,26,106.0747664,space_mountain
7/31/2019,,92.09016393,space_mountain
8/1/2019,0,55.17751479,space_mountain
8/2/2019,36.5,77.52136752,space_mountain
8/3/2019,14,83.5046729,space_mountain
8/4/2019,32.5,69.09174312,space_mountain
8/5/2019,37,-120.3027523,space_mountain
8/6/2019,,14.83333333,space_mountain
8/7/2019,21,84.77165354,space_mountain
8/8/2019,17,71.20155039,space_mountain
8/9/2019,,104.6902655,space_mountain
8/10/2019,19.5,84.13043478,space_mountain
8/11/2019,60.8,73.28828829,space_mountain
8/12/2019,,-73.99047619,space_mountain
8/13/2019,28.5,-74.81034483,space_mountain
8/14/2019,52.5,-156.9111111,space_mountain
8/15/2019,65,72.35849057,space_mountain
8/16/2019,32.54545455,20.58518519,space_mountain
8/17/2019,53.5,86.37614679,space_mountain
8/18/2019,28,65.80508475,space_mountain
8/19/2019,24,1.543103448,space_mountain
8/20/2019,24.71428571,44.0625,space_mountain
8/21/2019,25,67.56,space_mountain
8/22/2019,24.5,-34.03816794,space_mountain
8/23/2019,13.70588235,-66.15,space_mountain
8/24/2019,28,69.49074074,space_mountain
8/25/2019,38,55.40909091,space_mountain
8/26/2019,40,-125.7403846,space_mountain
8/27/2019,23.69230769,21.92063492,space_mountain
8/28/2019,14,-216.3916667,space_mountain
8/29/2019,27.8,27.81456954,space_mountain
8/30/2019,14.6,21.84782609,space_mountain
8/31/2019,9.333333333,-307.312,space_mountain
9/1/2019,34.5,28.65546218,space_mountain
9/2/2019,15.33333333,18.45070423,space_mountain
9/3/2019,8,19.23076923,space_mountain
9/4/2019,17.5,-18.27338129,space_mountain
9/5/2019,11,13.81578947,space_mountain
9/6/2019,18.5,2.390070922,space_mountain
9/7/2019,27.57142857,31.34146341,space_mountain
9/8/2019,8.125,19.17266187,space_mountain
9/9/2019,12.5,29.01639344,space_mountain
9/10/2019,11.25,15.29411765,space_mountain
9/11/2019,8.5,-60.83088235,space_mountain
9/12/2019,4,21.74657534,space_mountain
9/13/2019,19.5,-91.07692308,space_mountain
9/14/2019,,48.95833333,space_mountain
9/15/2019,9.857142857,26.02112676,space_mountain
9/16/2019,16.5,34.43965517,space_mountain
9/17/2019,13.5,19.7080292,space_mountain
9/18/2019,9,12.48461538,space_mountain
9/19/2019,9,26.30597015,space_mountain
9/20/2019,28,22.24637681,space_mountain
9/21/2019,,50.64102564,space_mountain
9/22/2019,18.5,32.64084507,space_mountain
9/23/2019,15.33333333,2.133928571,space_mountain
9/24/2019,6.4,27.7173913,space_mountain
9/25/2019,35.25,33.23076923,space_mountain
9/26/2019,8,32.42753623,space_mountain
9/27/2019,15.83333333,22.30935252,space_mountain
9/28/2019,6,65.49586777,space_mountain
9/29/2019,23.1,35.56666667,space_mountain
9/30/2019,,39.14414414,space_mountain
10/1/2019,13.7,27.17857143,space_mountain
10/2/2019,38,39.41176471,space_mountain
10/3/2019,8,-82.36231884,space_mountain
10/4/2019,11.8,27.89285714,space_mountain
10/5/2019,18,3.652892562,space_mountain
10/6/2019,26.14285714,36.51724138,space_mountain
10/7/2019,,78.22727273,space_mountain
10/8/2019,10.75,-58.0942029,space_mountain
10/9/2019,,71.50406504,space_mountain
10/10/2019,29.8,38.02816901,space_mountain
10/11/2019,26.42857143,43.15602837,space_mountain
10/12/2019,36,15.61764706,space_mountain
10/13/2019,24,86.21848739,space_mountain
10/14/2019,22.16666667,2.436619718,space_mountain
10/15/2019,23,35.72992701,space_mountain
10/16/2019,99,-434.344,space_mountain
10/17/2019,14.75,38.19148936,space_mountain
10/18/2019,8.8,40.71428571,space_mountain
10/19/2019,40,-125.8769231,space_mountain
10/20/2019,3.25,34.63768116,space_mountain
10/21/2019,20.5,-100.9779412,space_mountain
10/22/2019,8.6,18.89830508,space_mountain
10/23/2019,,42.47580645,space_mountain
10/24/2019,9,22.35714286,space_mountain
10/25/2019,32.4,34.38405797,space_mountain
10/26/2019,23.6,47.79166667,space_mountain
10/27/2019,21.71428571,33.03571429,space_mountain
10/28/2019,63,-33.3559322,space_mountain
10/29/2019,3,-234.9586207,space_mountain
10/30/2019,26,31.5,space_mountain
10/31/2019,17.66666667,25.42553191,space_mountain
11/1/2019,26.8,-124.1702128,space_mountain
11/2/2019,43.5,27.8671875,space_mountain
11/3/2019,33.33333333,-93.52941176,space_mountain
11/4/2019,25.66666667,50,space_mountain
11/5/2019,35,-122,space_mountain
11/6/2019,,42.03539823,space_mountain
11/7/2019,,52.73195876,space_mountain
11/8/2019,21.33333333,40.93984962,space_mountain
11/9/2019,31,-76.52336449,space_mountain
11/10/2019,8,-18.88888889,space_mountain
11/11/2019,17.8,43.6015625,space_mountain
11/12/2019,14.33333333,29.20833333,space_mountain
11/13/2019,12,71.44067797,space_mountain
11/14/2019,21.6,3.25,space_mountain
11/15/2019,14.66666667,-56.82442748,space_mountain
11/16/2019,18,76.68103448,space_mountain
11/17/2019,27,-115.2692308,space_mountain
11/18/2019,,-4.751937984,space_mountain
11/19/2019,24.66666667,-185.0731707,space_mountain
11/20/2019,60,-496.9310345,space_mountain
11/21/2019,33,28.98373984,space_mountain
11/22/2019,16.88888889,-75.53383459,space_mountain
11/23/2019,12,71.91304348,space_mountain
11/24/2019,35,59.76,space_mountain
11/25/2019,35,118.9919355,space_mountain
11/26/2019,25,-66.4516129,space_mountain
11/27/2019,55.25,23.3,space_mountain
11/28/2019,,96.74796748,space_mountain
11/29/2019,47.25,90.35433071,space_mountain
11/30/2019,36,81.55462185,space_mountain
12/1/2019,26,30.58015267,space_mountain
12/2/2019,25.33333333,30.98484848,space_mountain
12/3/2019,26.33333333,-56.1300813,space_mountain
12/4/2019,12,-28.73553719,space_mountain
12/5/2019,28.33333333,-47.8828125,space_mountain
12/6/2019,19.6,40.52238806,space_mountain
12/7/2019,25,70.90909091,space_mountain
12/8/2019,24.5,-42.53968254,space_mountain
12/9/2019,7.5,53.40625,space_mountain
12/10/2019,25.33333333,28.03100775,space_mountain
12/11/2019,,-180.88,space_mountain
12/12/2019,23.66666667,10.47933884,space_mountain
12/13/2019,28.14285714,27.35251799,space_mountain
12/14/2019,43,74.50757576,space_mountain
12/15/2019,14.5,4.895522388,space_mountain
12/16/2019,49,-10.84821429,space_mountain
12/17/2019,21.66666667,38.52,space_mountain
12/18/2019,26,85.4,space_mountain
12/19/2019,16,44.1796875,space_mountain
12/20/2019,3,37.86842105,space_mountain
12/21/2019,6,80.46875,space_mountain
12/22/2019,,43.90510949,space_mountain
12/23/2019,30,82.79411765,space_mountain
12/24/2019,,-31.94890511,space_mountain
12/25/2019,,122.3943662,space_mountain
12/26/2019,7,84.45652174,space_mountain
12/27/2019,35.33333333,93.0141844,space_mountain
12/28/2019,89,-91.76056338,space_mountain
12/29/2019,29,44.73188406,space_mountain
12/30/2019,17.5,113.7662338,space_mountain
12/31/2019,19,84.78947368,space_mountain
1/1/2020,128,110.4365079,space_mountain
1/2/2020,,137.7192982,space_mountain
1/3/2020,20,96.60483871,space_mountain
1/4/2020,20,89.06504065,space_mountain
1/5/2020,45,109.4230769,space_mountain
1/6/2020,60,80.76576577,space_mountain
1/7/2020,,89.05555556,space_mountain
1/8/2020,39,-95.12264151,space_mountain
1/9/2020,31.66666667,-29.26,space_mountain
1/10/2020,13,-26.16161616,space_mountain
1/11/2020,23,89.04761905,space_mountain
1/12/2020,5,-67.7311828,space_mountain
1/13/2020,53,55.73913043,space_mountain
1/14/2020,32.5,54.38888889,space_mountain
1/15/2020,12,49.8245614,space_mountain
1/16/2020,40.75,65.96774194,space_mountain
1/17/2020,,-161.6124031,space_mountain
1/18/2020,64,108.5416667,space_mountain
1/19/2020,27,-15.66019417,space_mountain
1/20/2020,64,75.20491803,space_mountain
1/21/2020,,12.35416667,space_mountain
1/22/2020,48.5,-96.86792453,space_mountain
1/23/2020,68,61.62280702,space_mountain
1/24/2020,,67.5257732,space_mountain
1/25/2020,,-49.47115385,space_mountain
1/26/2020,54,-16.44554455,space_mountain
1/27/2020,37,54.36206897,space_mountain
1/28/2020,,62.24719101,space_mountain
1/29/2020,16.75,-87.73148148,space_mountain
1/30/2020,,66.07954545,space_mountain
1/31/2020,37.16666667,47.8,space_mountain
2/1/2020,18,-29.62264151,space_mountain
2/2/2020,28,77.61682243,space_mountain
2/3/2020,63.5,69.59016393,space_mountain
2/4/2020,,59.82954545,space_mountain
2/5/2020,29,-17.93684211,space_mountain
2/6/2020,,-232.5454545,space_mountain
2/7/2020,4,63.2421875,space_mountain
2/8/2020,85,114.4117647,space_mountain
2/9/2020,26.66666667,101.7857143,space_mountain
2/10/2020,18,55.64516129,space_mountain
2/11/2020,,62.76595745,space_mountain
2/12/2020,34.83333333,56.28205128,space_mountain
2/13/2020,,67.24719101,space_mountain
2/14/2020,,84.52554745,space_mountain
2/15/2020,114.5,132.7777778,space_mountain
2/16/2020,,113.7745098,space_mountain
2/17/2020,103,0.302521008,space_mountain
2/18/2020,,111.9148936,space_mountain
2/19/2020,,-48.57522124,space_mountain
2/20/2020,38,103.7373737,space_mountain
2/21/2020,24.5,91.09848485,space_mountain
2/22/2020,34,34.79047619,space_mountain
2/23/2020,57.75,94.8019802,space_mountain
2/24/2020,33,74.09090909,space_mountain
2/25/2020,7,76.58163265,space_mountain
2/26/2020,22,55.75221239,space_mountain
2/27/2020,132,89.74489796,space_mountain
2/28/2020,18,-110.7681159,space_mountain
2/29/2020,42,97.85046729,space_mountain
3/1/2020,38,66.51960784,space_mountain
3/2/2020,,49.46363636,space_mountain
3/3/2020,28,66.08695652,space_mountain
3/4/2020,,53.49056604,space_mountain
3/5/2020,30,59.60674157,space_mountain
3/6/2020,,-21.19379845,space_mountain
3/7/2020,66,97.03883495,space_mountain
3/8/2020,98,7.414414414,space_mountain
3/9/2020,,-5.330769231,space_mountain
3/10/2020,,65.59433962,space_mountain
3/11/2020,15,-88.98550725,space_mountain
3/12/2020,,-271.4190476,space_mountain
3/13/2020,29.5,64.47826087,space_mountain
7/8/2020,,10,space_mountain
7/9/2020,,11.68918919,space_mountain
7/10/2020,,10,space_mountain
7/11/2020,6.75,-86.20652174,space_mountain
7/12/2020,3.375,-37.9,space_mountain
7/13/2020,10.83333333,14.56521739,space_mountain
7/14/2020,7.5,9.846938776,space_mountain
7/15/2020,4,11.81818182,space_mountain
7/16/2020,5,7.5,space_mountain
7/17/2020,5.333333333,10,space_mountain
7/18/2020,2.333333333,16.12359551,space_mountain
7/19/2020,3,6.32183908,space_mountain
7/20/2020,4.4,16.14130435,space_mountain
10/31/2020,,22,space_mountain
11/1/2020,15.5,-28.40594059,space_mountain
11/2/2020,16.16666667,-256.6296296,space_mountain
11/3/2020,19.72727273,17.65402844,space_mountain
11/4/2020,10.875,13.85542169,space_mountain
11/5/2020,7.2,18.625,space_mountain
11/6/2020,28.6,39.73214286,space_mountain
11/7/2020,35,43.7037037,space_mountain
11/8/2020,17.71428571,31.57894737,space_mountain
11/9/2020,20.5,22.55,space_mountain
11/10/2020,18.66666667,15.95049505,space_mountain
11/11/2020,15.92857143,31.21052632,space_mountain
11/12/2020,12.14285714,20.45454545,space_mountain
11/13/2020,28.16666667,1.025862069,space_mountain
11/14/2020,20.33333333,-73.54782609,space_mountain
11/15/2020,17.66666667,27.89473684,space_mountain
11/16/2020,22.33333333,32.15,space_mountain
11/17/2020,14.42857143,20.46875,space_mountain
11/18/2020,12.5,20.49019608,space_mountain
11/19/2020,12.83333333,22.21052632,space_mountain
11/20/2020,22.55555556,24.90909091,space_mountain
11/21/2020,33.14285714,45.0462963,space_mountain
11/22/2020,38.36363636,45.71428571,space_mountain
11/23/2020,47.5,41.59459459,space_mountain
11/24/2020,41.25,57.93577982,space_mountain
11/25/2020,21,-8.45045045,space_mountain
11/26/2020,31.3,51.63636364,space_mountain
11/27/2020,35.85714286,56.42156863,space_mountain
11/28/2020,23.875,44.81818182,space_mountain
11/29/2020,31.66666667,43.37719298,space_mountain
11/30/2020,18.33333333,32.33695652,space_mountain
12/1/2020,24.5,-3.239583333,space_mountain
12/2/2020,17.4,30.63157895,space_mountain
12/3/2020,26.8,35.88235294,space_mountain
12/4/2020,21,42.36607143,space_mountain
12/5/2020,14.6,40.99056604,space_mountain
12/6/2020,18.28571429,36.03305785,space_mountain
12/7/2020,28.41666667,39.40677966,space_mountain
12/8/2020,22.85714286,37.57009346,space_mountain
12/9/2020,16.81818182,28.99082569,space_mountain
12/10/2020,21.125,33.96396396,space_mountain
12/11/2020,21.5,35.95833333,space_mountain
12/12/2020,22.4,36.89655172,space_mountain
12/13/2020,24.4,37.43697479,space_mountain
12/14/2020,29.25,18.20560748,space_mountain
12/15/2020,28,43.59090909,space_mountain
12/16/2020,14.27272727,32.0952381,space_mountain
12/17/2020,24.8,40.35714286,space_mountain
12/18/2020,28.42857143,-18.61061947,space_mountain
12/19/2020,32.8,46.37931034,space_mountain
12/20/2020,22.5,47.15555556,space_mountain
12/21/2020,39.07692308,65.45801527,space_mountain
12/22/2020,41.41176471,-97.98076923,space_mountain
12/23/2020,28.07692308,54.46280992,space_mountain
12/24/2020,25,42.3015873,space_mountain
12/25/2020,21.88888889,40.45454545,space_mountain
12/26/2020,,42.12,space_mountain
12/27/2020,52,58.2421875,space_mountain
12/28/2020,49,-34.67938931,space_mountain
12/29/2020,51.625,-108.46875,space_mountain
12/30/2020,31.36363636,53.7480916,space_mountain
12/31/2020,24.14285714,48.97540984,space_mountain
1/1/2021,38.66666667,39.27192982,space_mountain
1/2/2021,42.88888889,61.42241379,space_mountain
1/3/2021,35.07142857,52.36607143,space_mountain
1/4/2021,46.2,65.04672897,space_mountain
1/5/2021,46.6,-39.21296296,space_mountain
1/6/2021,23.1,43.02884615,space_mountain
1/7/2021,35.6,-406.8971963,space_mountain
1/8/2021,21.81818182,42.95454545,space_mountain
1/9/2021,,-970.6944444,space_mountain
1/10/2021,15.42857143,33.55670103,space_mountain
1/11/2021,17.5,33.76404494,space_mountain
1/12/2021,11,31.02272727,space_mountain
1/13/2021,11.125,15.38461538,space_mountain
1/14/2021,17.71428571,21.42857143,space_mountain
1/15/2021,21.22222222,43.06818182,space_mountain
1/16/2021,29,-96.46428571,space_mountain
1/17/2021,31.66666667,50,space_mountain
1/18/2021,18.25,32.39795918,space_mountain
1/19/2021,17.8,25.51136364,space_mountain
1/20/2021,5,16.47727273,space_mountain
1/21/2021,12.5,14.03409091,space_mountain
1/22/2021,8.571428571,23.90625,space_mountain
1/23/2021,22.875,36.57657658,space_mountain
1/24/2021,8.375,23.18681319,space_mountain
1/25/2021,8,-12.80681818,space_mountain
1/26/2021,12,-14,space_mountain
1/27/2021,8.5,-9.696629213,space_mountain
1/28/2021,7.125,18.62637363,space_mountain
1/29/2021,17.6,31.19791667,space_mountain
1/30/2021,19.09090909,40.98039216,space_mountain
1/31/2021,11.83333333,22.60683761,space_mountain
2/1/2021,10,17.07865169,space_mountain
2/2/2021,10.5,-216.4725275,space_mountain
2/3/2021,4.5,12.74193548,space_mountain
2/4/2021,8.6,15.15625,space_mountain
2/5/2021,11,22.62616822,space_mountain
2/6/2021,22.09090909,-4.1,space_mountain
2/7/2021,15.22222222,21.37755102,space_mountain
2/8/2021,15.5,29.64705882,space_mountain
2/9/2021,20.16666667,-84.72093023,space_mountain
2/10/2021,8.4,-72.16483516,space_mountain
2/11/2021,10.11111111,25.33707865,space_mountain
2/12/2021,23.92307692,43.24786325,space_mountain
2/13/2021,43.33333333,51.81034483,space_mountain
2/14/2021,32.57142857,48.38211382,space_mountain
2/15/2021,24.33333333,54.11016949,space_mountain
2/16/2021,39.375,59.17391304,space_mountain
2/17/2021,38.66666667,24.57954545,space_mountain
2/18/2021,36,43.41836735,space_mountain
2/19/2021,36,48.01724138,space_mountain
2/20/2021,36.33333333,49.27966102,space_mountain
2/21/2021,32,54.05940594,space_mountain
2/22/2021,24.33333333,36.50537634,space_mountain
2/23/2021,23,-278.0454545,space_mountain
2/24/2021,15.75,27.66666667,space_mountain
2/25/2021,26.1,34.73684211,space_mountain
2/26/2021,26.11764706,39.91869919,space_mountain
2/27/2021,31.8,43.86554622,space_mountain
2/28/2021,21.3,34.08653846,space_mountain
3/1/2021,22.25,-114.1978022,space_mountain
3/2/2021,22.375,30.28735632,space_mountain
3/3/2021,25,-57.33707865,space_mountain
3/4/2021,23.6,35.05555556,space_mountain
3/5/2021,24.27272727,43.76146789,space_mountain
3/6/2021,22.90909091,35.5982906,space_mountain
3/7/2021,27.70588235,-154.4936709,space_mountain
3/8/2021,33.42857143,53.26271186,space_mountain
3/9/2021,18.5,48.44036697,space_mountain
3/10/2021,32.07692308,-68.74285714,space_mountain
3/11/2021,26.9,44.22018349,space_mountain
3/12/2021,27.88235294,45,space_mountain
3/13/2021,28.13333333,40.88,space_mountain
3/14/2021,28.75,-283.9834711,space_mountain
3/15/2021,45,56.14754098,space_mountain
3/16/2021,34.53846154,33.45901639,space_mountain
3/17/2021,34.46666667,47.60162602,space_mountain
3/18/2021,30.8,45.28225806,space_mountain
3/19/2021,26.2,-136.6016949,space_mountain
3/20/2021,27.72727273,35.50413223,space_mountain
3/21/2021,33.66666667,44.88,space_mountain
3/22/2021,32.27272727,49.48717949,space_mountain
3/23/2021,39.71428571,-167.4642857,space_mountain
3/24/2021,27.53846154,-66.45535714,space_mountain
3/25/2021,29.05882353,47.10743802,space_mountain
3/26/2021,24.28571429,-12.51219512,space_mountain
3/27/2021,28.2,9.262711864,space_mountain
3/28/2021,35.84615385,-179.0672269,space_mountain
3/29/2021,28.09090909,49.95762712,space_mountain
3/30/2021,27.57142857,47.99180328,space_mountain
3/31/2021,26.14285714,44.78448276,space_mountain
4/1/2021,28.4,44.67479675,space_mountain
4/2/2021,49.86666667,-126.0661157,space_mountain
4/3/2021,35.63636364,47.96153846,space_mountain
4/4/2021,30.05263158,44.47368421,space_mountain
4/5/2021,35.07142857,-29.79831933,space_mountain
4/6/2021,36.78571429,-25.925,space_mountain
4/7/2021,29.3,38.53781513,space_mountain
4/8/2021,32.88888889,46.04347826,space_mountain
4/9/2021,24.94444444,36.58536585,space_mountain
4/10/2021,25.5,34.54166667,space_mountain
4/11/2021,19.85714286,-102.4583333,space_mountain
4/12/2021,22.78571429,15.94354839,space_mountain
4/13/2021,27.85714286,-261.1043478,space_mountain
4/14/2021,16.33333333,12.1779661,space_mountain
4/15/2021,16.6,15.475,space_mountain
4/16/2021,16.11111111,10.94117647,space_mountain
4/17/2021,17.88888889,12.82644628,space_mountain
4/18/2021,29.7,17.53658537,space_mountain
4/19/2021,30.83333333,18.89166667,space_mountain
4/20/2021,22.6,19.26666667,space_mountain
4/21/2021,14,19.10743802,space_mountain
4/22/2021,21.84615385,14.51666667,space_mountain
4/23/2021,19.0625,16.69747899,space_mountain
4/24/2021,32.55555556,-228.2764228,space_mountain
4/25/2021,18.25,16.48412698,space_mountain
4/26/2021,27.0625,-0.380165289,space_mountain
4/27/2021,20.1,14.08474576,space_mountain
4/28/2021,18.4,8.094017094,space_mountain
4/29/2021,19.28571429,15.78632479,space_mountain
4/30/2021,26.77777778,-5.966386555,space_mountain
5/1/2021,31.3,21.725,space_mountain
5/2/2021,19.36363636,18.11016949,space_mountain
5/3/2021,22.5,11.17213115,space_mountain
5/4/2021,23.21052632,-110.7433628,space_mountain
5/5/2021,14.83333333,10.75409836,space_mountain
5/6/2021,16.76470588,14.64754098,space_mountain
5/7/2021,21.125,9.247863248,space_mountain
5/8/2021,20,-7.258064516,space_mountain
5/9/2021,14.8,4.177966102,space_mountain
5/10/2021,19.18181818,15.56779661,space_mountain
5/11/2021,25.83333333,-124.557377,space_mountain
5/12/2021,16.85714286,20.45967742,space_mountain
5/13/2021,17.1,19.69105691,space_mountain
5/14/2021,30.81818182,-54.94915254,space_mountain
5/15/2021,20.36363636,13.475,space_mountain
5/16/2021,24.66666667,26.42741935,space_mountain
5/17/2021,21.64705882,18.609375,space_mountain
5/18/2021,29.28571429,-115.0578512,space_mountain
5/19/2021,34.25,16.25641026,space_mountain
5/20/2021,30.46153846,-100.0534351,space_mountain
5/21/2021,20.86363636,15.71900826,space_mountain
5/22/2021,24.42857143,15.18333333,space_mountain
5/23/2021,18.2,15.80833333,space_mountain
5/24/2021,24.0625,16.4796748,space_mountain
5/25/2021,38,-100.5245902,space_mountain
5/26/2021,22.92857143,17.72131148,space_mountain
5/27/2021,26.4,-146.4878049,space_mountain
5/28/2021,26.66666667,-273.336,space_mountain
5/29/2021,21.84210526,15.4453125,space_mountain
5/30/2021,26,19.62204724,space_mountain
5/31/2021,25.94444444,22.45528455,space_mountain
6/1/2021,25.16666667,21.07317073,space_mountain
6/2/2021,28.66666667,22.49593496,space_mountain
6/3/2021,24.78571429,21.96747967,space_mountain
6/4/2021,33.30769231,-32.22556391,space_mountain
6/5/2021,36.72727273,-229.496,space_mountain
6/6/2021,20.625,20.01550388,space_mountain
6/7/2021,35.16666667,9.912698413,space_mountain
6/8/2021,34.66666667,25.51937984,space_mountain
6/9/2021,29.11111111,25.976,space_mountain
6/10/2021,26.33333333,-81.953125,space_mountain
6/11/2021,22.5,19.89922481,space_mountain
6/12/2021,24.45454545,19,space_mountain
6/13/2021,38.25,-115.047619,space_mountain
6/14/2021,32.35294118,23.46511628,space_mountain
6/15/2021,21,-126.0483871,space_mountain
6/16/2021,22,-4.330708661,space_mountain
6/17/2021,16.9,15.80314961,space_mountain
6/18/2021,17.46666667,15.20769231,space_mountain
6/19/2021,21.66666667,12.16923077,space_mountain
6/20/2021,23.57142857,13.04032258,space_mountain
6/21/2021,21,14.65322581,space_mountain
6/22/2021,29.28571429,-3.76,space_mountain
6/23/2021,34.2,23.336,space_mountain
6/24/2021,30.2,-100.9516129,space_mountain
6/25/2021,22.46153846,25.6796875,space_mountain
6/26/2021,23.875,21.51282051,space_mountain
6/27/2021,35.14285714,-0.614754098,space_mountain
6/28/2021,36.375,-7.081967213,space_mountain
6/29/2021,33.2,35.13821138,space_mountain
6/30/2021,36.16666667,-91.35433071,space_mountain
7/1/2021,30.5,25.39694656,space_mountain
7/2/2021,31.8,25.49264706,space_mountain
7/3/2021,30.75,-108.6071429,space_mountain
7/4/2021,25.28571429,-109.7769231,space_mountain
7/5/2021,30.875,23.21323529,space_mountain
7/6/2021,27.11111111,-42.73015873,space_mountain
7/7/2021,24.36363636,35.48175182,space_mountain
7/8/2021,37.77777778,31.75590551,space_mountain
7/9/2021,29.9,-273.8723404,space_mountain
7/10/2021,29.54545455,-70.29411765,space_mountain
7/11/2021,35.6875,28.03676471,space_mountain
7/12/2021,38,40.475,space_mountain
7/13/2021,34.83333333,40.54471545,space_mountain
7/14/2021,40.875,2.57480315,space_mountain
7/15/2021,32.28571429,-285.6198347,space_mountain
7/16/2021,35.42857143,-261.4912281,space_mountain
7/17/2021,45.8,-39.71794872,space_mountain
7/18/2021,41.8,-8.323076923,space_mountain
7/19/2021,50.71428571,-29.24444444,space_mountain
7/20/2021,41,-16.69354839,space_mountain
7/21/2021,49.57142857,-33.75572519,space_mountain
7/22/2021,53,-77.59090909,space_mountain
7/23/2021,46,-104.4701493,space_mountain
7/24/2021,39.57142857,-99.51824818,space_mountain
7/25/2021,38.5,-35.9389313,space_mountain
7/26/2021,50,-129.8496241,space_mountain
7/27/2021,60.75,-14.91603053,space_mountain
7/28/2021,53.5,-18.33082707,space_mountain
7/29/2021,44.25,-142.0860927,space_mountain
7/30/2021,43.21428571,-73.67889908,space_mountain
7/31/2021,39.625,21.4962406,space_mountain
8/1/2021,37.25,43.05384615,space_mountain
8/2/2021,42.94117647,39.79850746,space_mountain
8/3/2021,31,-383.5703704,space_mountain
8/4/2021,33.7,-111.3656716,space_mountain
8/5/2021,61.6,-333.7720588,space_mountain
8/6/2021,33.76923077,29.71052632,space_mountain
8/7/2021,21.58333333,-162.2444444,space_mountain
8/8/2021,31.28571429,-141.5634921,space_mountain
8/9/2021,39.15384615,-25.43650794,space_mountain
8/10/2021,36.86666667,34.42372881,space_mountain
8/11/2021,30,28.93043478,space_mountain
8/12/2021,32.33333333,27.47580645,space_mountain
8/13/2021,22.1,16.17460317,space_mountain
8/14/2021,13,-87.76595745,space_mountain
8/15/2021,21.27272727,-194.0629921,space_mountain
8/16/2021,28.91666667,23.78947368,space_mountain
8/17/2021,25.16666667,-237.8173913,space_mountain
8/18/2021,23.33333333,8.486486486,space_mountain
8/19/2021,17.33333333,-51.03571429,space_mountain
8/20/2021,16.2,-277.7833333,space_mountain
8/21/2021,14.84615385,-54.71311475,space_mountain
8/22/2021,12.08333333,3.175438596,space_mountain
8/23/2021,22.5,-232.375,space_mountain
8/24/2021,13.33333333,2.43220339,space_mountain
8/25/2021,9.307692308,2.87394958,space_mountain
8/26/2021,11.26666667,1.512820513,space_mountain
8/27/2021,14.375,5.063063063,space_mountain
8/28/2021,12.44444444,7.736842105,space_mountain
8/29/2021,7.642857143,-4.026086957,space_mountain
8/30/2021,9.714285714,1.669491525,space_mountain
8/31/2021,8.6,-10.92792793,space_mountain
9/1/2021,5,-116.3153153,space_mountain
9/2/2021,4,-35.12931034,space_mountain
9/3/2021,12.2,-0.027027027,space_mountain
9/4/2021,24.66666667,5.342105263,space_mountain
9/5/2021,27.625,-5.686131387,space_mountain
9/6/2021,18.64705882,2.353448276,space_mountain
9/7/2021,11.14285714,-124.4888889,space_mountain
9/8/2021,8.5,-5.115044248,space_mountain
9/9/2021,7.714285714,-76.15044248,space_mountain
9/10/2021,8.9375,-29.10638298,space_mountain
9/11/2021,15.53846154,16.78512397,space_mountain
9/12/2021,13.125,-58.5035461,space_mountain
9/13/2021,15,6.00862069,space_mountain
9/14/2021,11.71428571,-20.40441176,space_mountain
9/15/2021,7.428571429,-1.113043478,space_mountain
9/16/2021,10.625,4.559633028,space_mountain
9/17/2021,16.83333333,-123.1294964,space_mountain
9/18/2021,18.61538462,18.67241379,space_mountain
9/19/2021,21.75,-305.615942,space_mountain
9/20/2021,20.9,-32.63478261,space_mountain
9/21/2021,12.125,-16.21428571,space_mountain
9/22/2021,6.9,-39.81196581,space_mountain
9/23/2021,13.64285714,4.314049587,space_mountain
9/24/2021,14.88888889,-30.91791045,space_mountain
9/25/2021,18.6,-217.5681818,space_mountain
9/26/2021,28.8,-255.8692308,space_mountain
9/27/2021,13.7,16.22900763,space_mountain
9/28/2021,9.65,10.50769231,space_mountain
9/29/2021,8,-11.53405018,space_mountain
9/30/2021,6.777777778,-86.68995633,space_mountain
10/1/2021,7.684210526,-56.70414201,space_mountain
10/2/2021,16.81818182,25.62540717,space_mountain
10/3/2021,15.625,-23.53697749,space_mountain
10/4/2021,28.66666667,40.92156863,space_mountain
10/5/2021,18.53333333,2.657407407,space_mountain
10/6/2021,18.83333333,26.96078431,space_mountain
10/7/2021,23.6,27.01486989,space_mountain
10/8/2021,24.72727273,21.37071651,space_mountain
10/9/2021,21.83333333,36.75757576,space_mountain
10/10/2021,26.94736842,-33.89164087,space_mountain
10/11/2021,35.75,50.02592593,space_mountain
10/12/2021,33.2,-50.22257053,space_mountain
10/13/2021,29.875,41.02473498,space_mountain
10/14/2021,34.64705882,43.42750929,space_mountain
10/15/2021,31.66666667,23.48780488,space_mountain
10/16/2021,24.16666667,-67.28373702,space_mountain
10/17/2021,26.63636364,16.63580247,space_mountain
10/18/2021,29.46153846,40.24827586,space_mountain
10/19/2021,24.42857143,9.732704403,space_mountain
10/20/2021,16.5,19.80967742,space_mountain
10/21/2021,28.76923077,28.90874525,space_mountain
10/22/2021,41,-82.12542373,space_mountain
10/23/2021,23.33333333,21.675,space_mountain
10/24/2021,10.14285714,4.907643312,space_mountain
10/25/2021,19.75,15.48120301,space_mountain
10/26/2021,15.875,16.0952381,space_mountain
10/27/2021,10.4,16.34193548,space_mountain
10/28/2021,6.75,9.893536122,space_mountain
10/29/2021,23.5,7.50308642,space_mountain
10/30/2021,39.33333333,-77.68531469,space_mountain
10/31/2021,26.57142857,-69.14506173,space_mountain
11/1/2021,21.71428571,-101.462963,space_mountain
11/2/2021,28,16.96183206,space_mountain
11/3/2021,17.5,-156.8446602,space_mountain
11/4/2021,28,28.89454545,space_mountain
11/5/2021,8.333333333,-22.10619469,space_mountain
11/6/2021,16.42857143,33.45172414,space_mountain
11/7/2021,31.44444444,27.3509434,space_mountain
11/8/2021,16.25,-175.3370166,space_mountain
11/9/2021,29.25,0.50148368,space_mountain
11/10/2021,22.66666667,-116.288961,space_mountain
11/11/2021,26.90909091,24.248,space_mountain
11/12/2021,11.75,18.17687075,space_mountain
11/13/2021,36,-23.9787234,space_mountain
11/14/2021,30.25,26.10606061,space_mountain
11/15/2021,39.85714286,36.4921875,space_mountain
11/16/2021,25.44444444,-162.7101449,space_mountain
11/17/2021,22.5,19.54304636,space_mountain
11/18/2021,18.42857143,17.9375,space_mountain
11/19/2021,40.25,27.3515625,space_mountain
11/20/2021,51.71428571,45.23255814,space_mountain
11/21/2021,36.83333333,38.31724138,space_mountain
11/22/2021,80.25,-131.5547445,space_mountain
11/23/2021,55,45.05109489,space_mountain
11/24/2021,55.625,56.6,space_mountain
11/25/2021,33.33333333,49.85496183,space_mountain
11/26/2021,57.375,18.42857143,space_mountain
11/27/2021,79.66666667,25.70714286,space_mountain
11/28/2021,22.18181818,-11.09722222,space_mountain
11/29/2021,37.125,30.6119403,space_mountain
11/30/2021,26.92857143,-21.7518797,space_mountain
12/1/2021,24.44444444,-85.92,space_mountain
12/2/2021,21.13636364,23.95488722,space_mountain
12/3/2021,16.4,22.29577465,space_mountain
12/4/2021,19,-767.1142857,space_mountain
12/5/2021,28.25,27.41353383,space_mountain
12/6/2021,49.5,38.02205882,space_mountain
12/7/2021,30,23.39230769,space_mountain
12/8/2021,27.1,27.06756757,space_mountain
12/9/2021,24.57142857,-147.0763359,space_mountain
12/10/2021,35.66666667,27.17322835,space_mountain
12/11/2021,30.375,29.3028169,space_mountain
12/12/2021,32.83333333,26.86013986,space_mountain
12/13/2021,30,41.23021583,space_mountain
12/14/2021,18.2,-53.96984925,space_mountain
12/15/2021,34.75,38.30188679,space_mountain
12/16/2021,22.25,17.17730496,space_mountain
12/17/2021,30.33333333,39.29577465,space_mountain
12/18/2021,24,-70.38686131,space_mountain
12/19/2021,40.75,45.33950617,space_mountain
12/20/2021,59.33333333,36.44516129,space_mountain
12/21/2021,46.25,35.88028169,space_mountain
12/22/2021,34.33333333,-24.16969697,space_mountain
12/23/2021,44,41.7615894,space_mountain
12/24/2021,21.33333333,-111.4379085,space_mountain
12/25/2021,38,36.98026316,space_mountain
12/26/2021,36.25,40.13636364,space_mountain
12/27/2021,55,-41.59509202,space_mountain
12/28/2021,43.5,34.82236842,space_mountain
