date,SACTMIN,SPOSTMIN
1/1/2015,11.5,28.156028368794328
1/1/2016,49.0,-25.277027027027028
1/1/2017,27.4,-50.736363636363635
1/1/2018,1.0,-11.598591549295774
1/1/2019,120.0,-86.60839160839161
1/1/2020,34.0,-119.43243243243244
1/1/2021,40.916666666666664,25.294117647058822
1/10/2017,15.666666666666666,29.695121951219512
1/10/2019,19.0,-103.87719298245614
1/10/2021,8.222222222222221,-155.55208333333334
1/11/2017,42.4,36.666666666666664
1/11/2019,29.0,-149.42105263157896
1/11/2021,17.5,-57.67391304347826
1/12/2017,22.0,24.88372093023256
1/12/2019,18.75,-134.5531914893617
1/12/2021,,16.488095238095237
1/13/2017,2.0,-92.70707070707071
1/13/2019,16.6,-88.536
1/13/2021,2.0,-26.355555555555554
1/14/2017,28.333333333333332,-50.44642857142857
1/14/2019,17.0,-98.168
1/14/2021,19.0,-131.76923076923077
1/15/2016,16.0,-53.05357142857143
1/15/2017,30.0,52.87128712871287
1/15/2019,40.0,-265.84496124031006
1/15/2021,31.0,-611.0
1/16/2016,22.0,-20.73228346456693
1/16/2017,13.666666666666666,29.607843137254903
1/16/2019,,-928.6917293233083
1/16/2021,21.333333333333332,33.490566037735846
1/17/2016,11.0,-2.5514018691588785
1/17/2017,36.0,39.93975903614458
1/17/2019,21.5,-43.12765957446808
1/17/2021,19.083333333333332,-58.239583333333336
1/18/2016,3.0,-224.675
1/18/2017,,36.12359550561798
1/18/2019,31.0,-167.44202898550725
1/18/2021,17.857142857142858,28.1
1/19/2016,,4.537735849056604
1/19/2017,30.0,8.119047619047619
1/19/2019,27.666666666666668,-168.0
1/19/2021,33.0,-333.5402298850575
1/2/2015,1.0,44.014084507042256
1/2/2016,10.25,-111.72297297297297
1/2/2017,,47.45614035087719
1/2/2018,30.0,-203.1032258064516
1/2/2019,75.5,-50.93103448275862
1/2/2020,47.25,80.80701754385964
1/2/2021,44.2,69.87288135593221
1/20/2016,17.333333333333332,-102.4065934065934
1/20/2017,20.0,28.732394366197184
1/20/2019,9.5,-82.06716417910448
1/20/2021,22.4,-184.0
1/21/2016,,28.38888888888889
1/21/2017,,21.825581395348838
1/21/2019,,-89.97560975609755
1/21/2021,14.0,-19.78409090909091
1/22/2016,,-19.50515463917526
1/22/2017,6.0,-161.4320987654321
1/22/2019,55.5,-158.21428571428572
1/22/2021,25.375,25.010526315789473
1/23/2016,,5.7207207207207205
1/23/2017,3.0,13.082191780821917
1/23/2019,57.0,-350.85074626865674
1/23/2021,21.166666666666668,-0.6428571428571429
1/24/2016,11.0,-53.885714285714286
1/24/2017,39.0,-208.67391304347825
1/24/2019,19.0,-150.13422818791946
1/24/2021,18.25,23.48913043478261
1/25/2016,27.333333333333332,-51.7
1/25/2017,43.25,33.333333333333336
1/25/2019,14.4,-202.76865671641792
1/25/2021,20.75,35.1123595505618
1/26/2016,24.25,33.26923076923077
1/26/2017,25.5,27.40740740740741
1/26/2019,12.0,-125.1063829787234
1/26/2021,29.5,-223.56179775280899
1/27/2016,3.3333333333333335,8.4375
1/27/2017,12.0,13.858695652173912
1/27/2019,,-177.4214876033058
1/27/2021,13.0,-46.97727272727273
1/28/2016,1.6666666666666667,-126.25301204819277
1/28/2017,3.0,9.695121951219512
1/28/2019,,-254.77304964539007
1/28/2021,8.5,-4.6521739130434785
1/29/2016,17.333333333333332,-77.96396396396396
1/29/2017,2.5,5.1234567901234565
1/29/2019,43.25,-185.65413533834587
1/29/2021,25.666666666666668,27.180851063829788
1/3/2015,37.333333333333336,43.1985294117647
1/3/2016,6.0,-94.6697247706422
1/3/2017,,-136.7171717171717
1/3/2018,,-217.4878048780488
1/3/2019,51.75,0.7304964539007093
1/3/2020,101.0,-69.45614035087719
1/3/2021,15.571428571428571,38.93805309734513
1/30/2016,2.5,-138.4142857142857
1/30/2017,7.0,-24.71604938271605
1/30/2019,11.5,-193.12
1/30/2021,22.166666666666668,-231.14
1/31/2015,,6.724137931034483
1/31/2016,17.8,21.885964912280702
1/31/2017,23.0,7.645161290322581
1/31/2019,27.0,-221.7079646017699
1/31/2021,11.583333333333334,-32.13157894736842
1/4/2015,16.0,30.99206349206349
1/4/2016,14.5,19.975409836065573
1/4/2017,12.0,-17.236559139784948
1/4/2018,,-102.85906040268456
1/4/2019,42.5,-70.4620253164557
1/4/2020,,-71.25438596491227
1/4/2021,25.857142857142858,48.095238095238095
1/5/2016,25.0,-173.1195652173913
1/5/2017,,-138.15740740740742
1/5/2018,7.75,-65.48026315789474
1/5/2019,29.333333333333332,-52.861111111111114
1/5/2020,,-175.72277227722773
1/5/2021,34.2,-126.03703703703704
1/6/2016,,5.203883495145631
1/6/2017,48.0,48.705357142857146
1/6/2018,11.0,-141.7829457364341
1/6/2019,16.666666666666668,-158.8148148148148
1/6/2021,23.875,32.61904761904762
1/7/2016,21.0,-182.12121212121212
1/7/2017,13.0,-45.60377358490566
1/7/2018,22.333333333333332,-43.077586206896555
1/7/2019,52.0,-303.22535211267603
1/7/2021,16.0,33.45794392523364
1/8/2016,11.5,-111.02197802197803
1/8/2017,1.5,6.609195402298851
1/8/2019,11.0,-160.69767441860466
1/8/2021,22.666666666666668,-23.669811320754718
1/9/2016,18.8,19.234234234234233
1/9/2017,15.0,23.597560975609756
1/9/2019,19.0,-200.63571428571427
1/9/2021,7.666666666666667,-155.96330275229357
10/1/2015,5.4,-94.25531914893617
10/1/2016,23.5,-192.27551020408163
10/1/2018,,-63.485074626865675
10/1/2019,11.333333333333334,17.53846153846154
10/1/2021,7.444444444444445,-135.84569732937686
10/10/2015,14.333333333333334,38.58870967741935
10/10/2016,16.0,11.703125
10/10/2018,17.333333333333332,-188.74842767295598
10/10/2019,23.5,30.74074074074074
10/10/2021,29.82608695652174,26.857142857142858
10/11/2015,10.0,46.06060606060606
10/11/2016,12.0,25.263157894736842
10/11/2018,13.0,-116.11920529801324
10/11/2019,37.0,-78.84328358208955
10/11/2021,34.083333333333336,41.51724137931034
10/12/2015,40.0,-75.77941176470588
10/12/2016,47.0,18.252032520325205
10/12/2018,26.833333333333332,-103.76047904191617
10/12/2019,,-322.046875
10/12/2021,32.30769230769231,14.539473684210526
10/13/2015,9.0,24.74137931034483
10/13/2016,24.0,-30.942857142857143
10/13/2018,6.0,-11.587837837837839
10/13/2019,85.0,83.7864077669903
10/13/2021,30.916666666666668,-37.13095238095238
10/14/2015,28.2,-21.594827586206897
10/14/2016,25.666666666666668,27.38095238095238
10/14/2018,35.333333333333336,-126.33333333333333
10/14/2019,19.0,-67.45038167938931
10/14/2021,40.6875,19.523076923076925
10/15/2015,15.571428571428571,-24.548387096774192
10/15/2016,,46.260162601626014
10/15/2018,,-158.2348484848485
10/15/2019,,-78.9090909090909
10/15/2021,31.833333333333332,-27.762820512820515
10/16/2015,9.5,22.5
10/16/2016,15.0,-318.609756097561
10/16/2018,23.666666666666668,-132.93939393939394
10/16/2019,24.0,90.56521739130434
10/16/2021,20.68421052631579,35.39483394833948
10/17/2015,25.666666666666668,37.51851851851852
10/17/2016,12.0,55.945945945945944
10/17/2018,43.0,-202.96644295302013
10/17/2019,19.0,29.06015037593985
10/17/2021,18.3,15.303514376996805
10/18/2015,2.0,-11.818897637795276
10/18/2016,23.8,-67.94392523364486
10/18/2018,23.0,-68.6103896103896
10/18/2019,,22.896825396825395
10/18/2021,36.75,-112.75627240143369
10/19/2015,11.5,36.283185840707965
10/19/2016,28.75,25.248062015503876
10/19/2018,34.5,-76.72670807453416
10/19/2019,34.333333333333336,-102.575
10/19/2021,36.333333333333336,-147.28478964401293
10/2/2015,19.75,16.397058823529413
10/2/2016,21.0,-111.4017094017094
10/2/2018,,-133.6375
10/2/2019,24.25,44.910714285714285
10/2/2021,11.461538461538462,21.64
10/20/2015,11.428571428571429,14.180327868852459
10/20/2016,7.0,25.63063063063063
10/20/2018,13.0,-139.1360544217687
10/20/2019,34.5,-23.6640625
10/20/2021,18.666666666666668,-38.43115942028985
10/21/2015,14.0,13.168067226890756
10/21/2016,42.666666666666664,-65.73553719008264
10/21/2018,29.0,-211.98181818181817
10/21/2019,18.0,-30.45736434108527
10/21/2021,29.5,-178.84860557768926
10/22/2015,13.0,-36.30232558139535
10/22/2016,13.666666666666666,36.77685950413223
10/22/2018,14.0,-105.23484848484848
10/22/2019,28.0,-162.42735042735043
10/22/2021,44.166666666666664,12.821678321678322
10/23/2015,16.0,20.371900826446282
10/23/2016,20.5,21.41732283464567
10/23/2018,8.5,-336.60843373493975
10/23/2019,2.0,-99.17699115044248
10/23/2021,20.428571428571427,-130.97794117647058
10/24/2015,14.416666666666666,-11.512605042016807
10/24/2016,11.0,36.73267326732673
10/24/2018,,-321.9736842105263
10/24/2019,23.5,-163.0625
10/24/2021,16.0,-93.51485148514851
10/25/2015,18.666666666666668,-102.56
10/25/2016,4.5,-306.92241379310343
10/25/2018,,-288.9078947368421
10/25/2019,2.0,-123.13076923076923
10/25/2021,21.75,20.87450980392157
10/26/2015,21.0,37.39316239316239
10/26/2016,,30.892857142857142
10/26/2018,9.25,-116.84756097560975
10/26/2019,19.0,47.06140350877193
10/26/2021,22.2,29.948275862068964
10/27/2015,7.5,12.862903225806452
10/27/2016,,-22.82608695652174
10/27/2018,12.666666666666666,-168.90225563909775
10/27/2019,13.666666666666666,-119.04651162790698
10/27/2021,13.0,-73.00743494423791
10/28/2015,4.5,7.771929824561403
10/28/2016,2.5,26.837606837606838
10/28/2018,15.5,-54.33774834437086
10/28/2019,,25.972972972972972
10/28/2021,5.0,-436.7114624505929
10/29/2015,23.0,-76.96491228070175
10/29/2016,14.8,-48.388429752066116
10/29/2018,3.0,-261.8523489932886
10/29/2019,13.666666666666666,-9.666666666666666
10/29/2021,26.5,-41.44838709677419
10/3/2015,12.25,30.454545454545453
10/3/2016,0.6666666666666666,43.02884615384615
10/3/2018,,-229.7682119205298
10/3/2019,47.0,-248.52631578947367
10/3/2021,11.416666666666666,11.930921052631579
10/30/2015,23.666666666666668,28.768595041322314
10/30/2016,8.8,-61.91538461538462
10/30/2018,11.0,-273.1823529411765
10/30/2019,4.0,-274.6607142857143
10/30/2021,21.666666666666668,22.901818181818182
10/31/2015,7.0,16.30952380952381
10/31/2016,,-98.57142857142857
10/31/2018,7.5,-125.14465408805032
10/31/2019,17.0,17.649253731343283
10/31/2020,,36.666666666666664
10/31/2021,20.25,2.7234726688102895
10/4/2015,8.333333333333334,9.765625
10/4/2016,8.666666666666666,-40.76521739130435
10/4/2018,10.0,-89.23178807947019
10/4/2019,17.5,-300.45588235294116
10/4/2021,32.333333333333336,41.5945945945946
10/5/2015,16.0,-635.937984496124
10/5/2016,,42.130434782608695
10/5/2018,16.0,-178.05
10/5/2019,,27.54954954954955
10/5/2021,24.333333333333332,-341.2733118971061
10/6/2015,,-280.07377049180326
10/6/2016,5.5,13.775510204081632
10/6/2018,35.0,-69.90277777777777
10/6/2019,20.0,-217.2074074074074
10/6/2021,12.8,-35.1037037037037
10/7/2015,19.333333333333332,36.46268656716418
10/7/2018,11.666666666666666,-151.87074829931973
10/7/2019,16.0,-105.35238095238095
10/7/2021,23.09090909090909,16.3852140077821
10/8/2015,21.0,19.26923076923077
10/8/2016,11.5,34.0948275862069
10/8/2018,33.5,-100.92356687898089
10/8/2019,20.666666666666668,-143.4296875
10/8/2021,47.666666666666664,-351.2250803858521
10/9/2015,17.666666666666668,-136.93382352941177
10/9/2016,29.5,-225.2212389380531
10/9/2018,,-305.3151515151515
10/9/2019,5.0,59.0
10/9/2021,33.72727272727273,-108.96785714285714
11/1/2015,45.0,20.0
11/1/2016,,-123.39
11/1/2018,23.0,-73.72727272727273
11/1/2019,28.333333333333332,-25.7421875
11/1/2020,27.2,13.950980392156863
11/1/2021,6.25,-240.5390625
11/10/2015,12.0,17.5
11/10/2016,21.0,12.181102362204724
11/10/2018,46.0,-154.0440251572327
11/10/2019,26.5,54.0
11/10/2020,26.142857142857142,-19.0
11/10/2021,16.714285714285715,-37.93454545454546
11/11/2015,34.0,29.80314960629921
11/11/2016,16.8,36.85950413223141
11/11/2018,20.333333333333332,-50.08955223880597
11/11/2019,,-312.491935483871
11/11/2020,13.666666666666666,-824.4893617021277
11/11/2021,31.285714285714285,-61.241379310344826
11/12/2015,40.0,-104.1869918699187
11/12/2016,47.666666666666664,43.185483870967744
11/12/2018,19.0,-67.22818791946308
11/12/2019,3.0,21.75
11/12/2020,23.6,-108.75
11/12/2021,17.0,-472.3059701492537
11/13/2015,25.0,-76.04724409448819
11/13/2016,35.0,25.203252032520325
11/13/2018,11.88888888888889,-135.210843373494
11/13/2019,,-424.6
11/13/2020,22.444444444444443,44.78448275862069
11/13/2021,,-867.6616541353384
11/14/2015,9.5,29.795081967213115
11/14/2016,,30.0
11/14/2018,67.5,-154.23684210526315
11/14/2019,13.8,15.330578512396695
11/14/2020,17.5,32.03361344537815
11/14/2021,39.5,-221.16129032258064
11/15/2015,9.714285714285714,19.580152671755727
11/15/2016,2.0,-108.77966101694915
11/15/2018,19.0,-81.45394736842105
11/15/2019,15.333333333333334,-125.97520661157024
11/15/2020,21.285714285714285,-227.28070175438597
11/15/2021,,-56.131147540983605
11/16/2015,18.833333333333332,27.918181818181818
11/16/2016,6.0,-389.25
11/16/2018,9.0,-320.1132075471698
11/16/2019,,-108.10619469026548
11/16/2020,24.875,-38.833333333333336
11/16/2021,31.75,-255.73170731707316
11/17/2015,18.833333333333332,20.113636363636363
11/17/2016,6.0,19.642857142857142
11/17/2017,30.25,-127.14285714285714
11/17/2018,55.0,-53.570422535211264
11/17/2019,11.5,-196.5040650406504
11/17/2020,14.0,-8.063157894736841
11/17/2021,14.0,-731.376923076923
11/18/2015,12.4,8.64516129032258
11/18/2016,9.0,33.8235294117647
11/18/2017,,-78.87248322147651
11/18/2018,45.5,-112.29299363057325
11/18/2019,,35.4296875
11/18/2020,10.2,25.533980582524272
11/18/2021,31.625,-22.503875968992247
11/19/2015,6.4,12.686567164179104
11/19/2016,19.8,46.342592592592595
11/19/2017,9.0,6.033333333333333
11/19/2018,,-34.65
11/19/2019,0.0,11.065573770491802
11/19/2020,31.181818181818183,-163.75
11/19/2021,22.0,35.170731707317074
11/2/2015,71.0,34.68
11/2/2016,,24.427083333333332
11/2/2018,18.5,-216.95454545454547
11/2/2019,4.4,-28.65
11/2/2020,27.0,34.75609756097561
11/2/2021,37.5,25.13095238095238
11/20/2015,18.2,-418.1968503937008
11/20/2016,35.0,22.850467289719628
11/20/2017,7.0,-253.86666666666667
11/20/2018,26.0,-148.88888888888889
11/20/2019,18.0,14.929292929292929
11/20/2020,23.90909090909091,41.47826086956522
11/20/2021,27.75,14.275862068965518
11/21/2015,19.333333333333332,25.615384615384617
11/21/2016,4.0,29.672131147540984
11/21/2017,33.0,-201.62091503267973
11/21/2018,,-144.1069182389937
11/21/2019,21.75,-18.31496062992126
11/21/2020,25.272727272727273,33.792792792792795
11/21/2021,30.166666666666668,28.776119402985074
11/22/2015,2.0,16.640625
11/22/2016,12.0,45.256410256410255
11/22/2017,60.666666666666664,-73.58083832335329
11/22/2018,18.0,-20.805555555555557
11/22/2019,,19.385245901639344
11/22/2020,32.57142857142857,25.76851851851852
11/22/2021,39.0,-233.12213740458014
11/23/2015,,26.78832116788321
11/23/2016,30.6,49.274193548387096
11/23/2017,8.0,-357.6381578947368
11/23/2018,8.0,-103.06040268456375
11/23/2019,3.0,47.11206896551724
11/23/2020,33.22222222222222,61.26168224299065
11/23/2021,,-383.27272727272725
11/24/2015,25.333333333333332,30.703703703703702
11/24/2016,22.75,42.48
11/24/2017,,-41.63291139240506
11/24/2018,21.5,-51.63309352517986
11/24/2019,23.0,30.0
11/24/2020,25.75,61.45454545454545
11/24/2021,19.0,-155.78195488721803
11/25/2015,22.166666666666668,31.26865671641791
11/25/2016,49.0,-64.81679389312977
11/25/2017,12.5,18.397350993377483
11/25/2018,26.0,-175.66887417218544
11/25/2019,24.0,-0.7622950819672131
11/25/2020,31.0,-124.96296296296296
11/25/2021,67.0,-84.2755905511811
11/26/2015,0.0,27.73972602739726
11/26/2016,15.0,27.298387096774192
11/26/2017,11.8,-23.045454545454547
11/26/2018,41.5,-16.984615384615385
11/26/2019,88.0,-163.6694214876033
11/26/2020,32.333333333333336,-172.76146788990826
11/26/2021,49.75,-163.96212121212122
11/27/2015,,27.91044776119403
11/27/2016,19.5,21.869565217391305
11/27/2017,,-115.26950354609929
11/27/2018,8.166666666666666,-148.4472049689441
11/27/2019,20.666666666666668,65.6140350877193
11/27/2020,45.0,-262.52941176470586
11/27/2021,55.0,-150.31297709923663
11/28/2015,3.0,23.76923076923077
11/28/2016,,34.55357142857143
11/28/2017,12.0,-385.75657894736844
11/28/2018,20.666666666666668,-290.3881578947368
11/28/2019,,0.4666666666666667
11/28/2020,25.6,-4.446428571428571
11/28/2021,14.555555555555555,-2.712230215827338
11/29/2015,19.6,-70.352
11/29/2016,12.333333333333334,-12.847457627118644
11/29/2017,26.666666666666668,-111.07936507936508
11/29/2018,8.0,-80.98
11/29/2019,27.0,58.041666666666664
11/29/2020,30.666666666666668,56.8859649122807
11/29/2021,25.8,24.53174603174603
11/3/2015,,28.564814814814813
11/3/2016,,26.764705882352942
11/3/2018,28.666666666666668,-71.85714285714286
11/3/2019,16.0,-198.6060606060606
11/3/2020,32.75,32.595238095238095
11/3/2021,32.6,-34.12177121771218
11/30/2015,23.0,24.151785714285715
11/30/2016,6.5,17.235294117647058
11/30/2017,11.666666666666666,-3.727272727272727
11/30/2018,19.0,-503.6770186335404
11/30/2019,,-128.4453781512605
11/30/2020,24.545454545454547,-36.5959595959596
11/30/2021,32.25,-171.58064516129033
11/4/2015,13.25,16.83211678832117
11/4/2016,15.0,-120.85
11/4/2018,24.5,-116.50675675675676
11/4/2019,33.5,41.127450980392155
11/4/2020,14.666666666666666,-286.0722891566265
11/4/2021,17.0,-18.103053435114504
11/5/2015,19.5,26.682692307692307
11/5/2016,11.0,33.818897637795274
11/5/2018,16.25,-132.5108695652174
11/5/2019,,-422.6868686868687
11/5/2020,14.454545454545455,-23.68354430379747
11/5/2021,,1.008888888888889
11/6/2015,36.5,24.49579831932773
11/6/2016,2.0,-129.34821428571428
11/6/2018,41.0,-137.00694444444446
11/6/2019,,18.666666666666668
11/6/2020,27.375,58.177570093457945
11/6/2021,25.0,-361.18637992831543
11/7/2015,29.0,16.921739130434784
11/7/2016,6.0,27.043478260869566
11/7/2018,56.0,-68.48484848484848
11/7/2019,39.0,-114.84536082474227
11/7/2020,54.0,-115.20560747663552
11/7/2021,29.625,7.7362204724409445
11/8/2015,12.333333333333334,-60.56390977443609
11/8/2016,22.0,-75.24137931034483
11/8/2018,24.666666666666668,-77.91390728476821
11/8/2019,52.333333333333336,-47.32520325203252
11/8/2020,22.88888888888889,-8.08695652173913
11/8/2021,8.0,-73.79310344827586
11/9/2015,14.75,22.40495867768595
11/9/2016,36.0,39.50413223140496
11/9/2018,24.0,-112.72049689440993
11/9/2019,2.0,-99.77570093457943
11/9/2020,22.6,14.363636363636363
11/9/2021,21.8,-275.2826747720365
12/1/2015,13.5,-95.6328125
12/1/2016,16.333333333333332,-15.224137931034482
12/1/2017,28.0,-438.97484276729557
12/1/2018,22.0,-29.00709219858156
12/1/2019,10.625,-27.215827338129497
12/1/2020,5.5,-53.56842105263158
12/1/2021,28.125,37.39837398373984
12/10/2015,2.0,-239.12977099236642
12/10/2016,33.0,29.715447154471544
12/10/2017,3.2,-71.58823529411765
12/10/2018,,-71.10135135135135
12/10/2019,20.0,12.40650406504065
12/10/2020,18.142857142857142,28.853211009174313
12/10/2021,23.333333333333332,-138.624
12/11/2015,9.5,18.8135593220339
12/11/2016,12.0,-38.17272727272727
12/11/2017,,-51.95918367346939
12/11/2018,4.0,-150.65217391304347
12/11/2019,,39.32692307692308
12/11/2020,17.11111111111111,16.584745762711865
12/11/2021,28.166666666666668,-24.652482269503547
12/12/2015,30.666666666666668,-2.062015503875969
12/12/2016,,0.494949494949495
12/12/2017,6.5,-12.325757575757576
12/12/2018,14.0,-184.86
12/12/2019,10.5,-128.64227642276424
12/12/2020,20.25,28.130434782608695
12/12/2021,5.5,-510.2482269503546
12/13/2015,13.0,20.17543859649123
12/13/2016,18.0,23.0
12/13/2017,,-128.79577464788733
12/13/2018,10.0,-109.54966887417218
12/13/2019,14.8,-122.8015873015873
12/13/2020,24.166666666666668,38.07692307692308
12/13/2021,38.333333333333336,27.7593984962406
12/14/2015,6.5,25.8411214953271
12/14/2016,13.333333333333334,-5.212121212121212
12/14/2017,10.5,-11.728476821192054
12/14/2018,20.5,-171.06875
12/14/2019,42.0,-7.977611940298507
12/14/2020,22.375,31.080357142857142
12/14/2021,46.5,-269.2953367875648
12/15/2015,23.0,16.681818181818183
12/15/2016,12.666666666666666,15.9009009009009
12/15/2017,14.666666666666666,-58.425
12/15/2018,,-145.26415094339623
12/15/2019,20.5,-98.62878787878788
12/15/2020,32.142857142857146,43.34862385321101
12/15/2021,25.666666666666668,-9.286764705882353
12/16/2015,15.0,24.055555555555557
12/16/2016,20.0,26.910569105691057
12/16/2017,41.4,26.374193548387098
12/16/2018,23.857142857142858,-188.58381502890174
12/16/2019,15.0,32.07272727272727
12/16/2020,13.8,22.545454545454547
12/16/2021,33.5,-46.11194029850746
12/17/2015,14.714285714285714,21.858407079646017
12/17/2016,2.5,49.75409836065574
12/17/2017,19.333333333333332,20.045454545454547
12/17/2018,,-62.59574468085106
12/17/2019,26.5,-79.94214876033058
12/17/2020,8.8,-62.99082568807339
12/17/2021,12.75,-110.24285714285715
12/18/2015,18.666666666666668,12.479674796747968
12/18/2016,31.0,27.65625
12/18/2017,25.0,-115.3265306122449
12/18/2018,7.0,-133.0473372781065
12/18/2019,,-140.84761904761905
12/18/2020,8.166666666666666,-21.706422018348626
12/18/2021,63.0,-444.7894736842105
12/19/2015,,16.32
12/19/2016,,-7.801587301587301
12/19/2017,30.0,13.447552447552448
12/19/2018,7.0,-156.0379746835443
12/19/2019,18.0,11.585365853658537
12/19/2020,25.25,-8.362068965517242
12/19/2021,30.1,43.226950354609926
12/2/2015,1.0,-188.71900826446281
12/2/2016,,16.0
12/2/2017,34.333333333333336,40.4496644295302
12/2/2018,15.571428571428571,-145.51176470588234
12/2/2019,4.0,-235.5151515151515
12/2/2020,10.428571428571429,-82.94565217391305
12/2/2021,17.5,-297.4193548387097
12/20/2015,81.0,-50.583333333333336
12/20/2016,12.5,26.875
12/20/2017,,-85.70434782608696
12/20/2018,,-177.95945945945945
12/20/2019,12.0,4.5227272727272725
12/20/2020,28.6,52.36842105263158
12/20/2021,35.0,-93.20567375886525
12/21/2015,12.5,45.125
12/21/2016,,24.152542372881356
12/21/2017,20.5,-85.11920529801324
12/21/2018,12.0,-225.36477987421384
12/21/2019,,-93.34375
12/21/2020,33.2,43.47014925373134
12/21/2021,,-14.242424242424242
12/22/2015,14.6,-36.603053435114504
12/22/2016,2.0,23.934426229508198
12/22/2017,4.0,-50.412121212121214
12/22/2018,,-106.0764705882353
12/22/2019,31.0,-13.353846153846154
12/22/2020,45.0,-301.312925170068
12/22/2021,38.0,-138.4817518248175
12/23/2015,,-127.66666666666667
12/23/2016,14.5,36.65137614678899
12/23/2017,8.0,-161.46153846153845
12/23/2018,15.0,-108.73053892215569
12/23/2019,,18.8515625
12/23/2020,63.666666666666664,-130.51666666666668
12/23/2021,24.0,24.056338028169016
12/24/2015,,46.916666666666664
12/24/2016,56.0,49.054054054054056
12/24/2017,37.333333333333336,-5.475862068965517
12/24/2018,,-175.2874251497006
12/24/2019,,11.930232558139535
12/24/2020,17.8,-277.62992125984255
12/24/2021,13.0,19.32638888888889
12/25/2015,,13.5859375
12/25/2016,,-110.30252100840336
12/25/2017,6.5,-3.75
12/25/2018,33.0,-33.366863905325445
12/25/2019,,76.70212765957447
12/25/2020,4.0,-65.3
12/25/2021,41.0,-121.67605633802818
12/26/2015,,-20.80916030534351
12/26/2016,24.0,-41.97435897435897
12/26/2017,64.0,-27.018987341772153
12/26/2018,54.0,-115.65060240963855
12/26/2019,,-63.38461538461539
12/26/2020,3.0,15.357142857142858
12/26/2021,3.0,31.355072463768117
12/27/2015,27.5,45.942622950819676
12/27/2016,15.5,59.04761904761905
12/27/2017,35.0,-126.079754601227
12/27/2018,,-142.13855421686748
12/27/2019,35.666666666666664,58.27067669172932
12/27/2020,20.0,-67.1953125
12/27/2021,32.0,25.253333333333334
12/28/2015,34.5,-92.3840579710145
12/28/2016,,-232.1290322580645
12/28/2017,10.0,-28.146496815286625
12/28/2018,,-68.11309523809524
12/28/2019,,49.8062015503876
12/28/2020,33.4,-5.537313432835821
12/28/2021,21.5,32.32167832167832
12/29/2015,,-13.314685314685315
12/29/2016,27.0,36.71186440677966
12/29/2017,15.0,-150.34177215189874
12/29/2018,27.0,-165.22674418604652
12/29/2019,4.0,-97.5984251968504
12/29/2020,34.875,47.55384615384615
12/3/2015,2.75,6.145038167938932
12/3/2016,17.5,31.21951219512195
12/3/2017,17.0,-99.4391891891892
12/3/2018,,-91.06153846153846
12/3/2019,5.333333333333333,9.041666666666666
12/3/2020,32.0,-189.49056603773585
12/3/2021,22.25,-320.8814814814815
12/30/2015,45.75,61.47435897435897
12/30/2016,,14.962121212121213
12/30/2017,25.0,-126.8010752688172
12/30/2018,44.5,-143.87700534759358
12/30/2019,,34.0
12/30/2020,42.166666666666664,61.30769230769231
12/31/2015,27.666666666666668,-34.02919708029197
12/31/2016,32.0,-4.65625
12/31/2017,14.0,-0.7023809523809523
12/31/2018,69.0,-193.6497175141243
12/31/2019,54.0,74.20863309352518
12/31/2020,25.0,-57.233870967741936
12/4/2015,1.5,16.278195488721803
12/4/2016,18.333333333333332,24.672131147540984
12/4/2017,68.0,-94.42335766423358
12/4/2018,9.0,-182.53987730061348
12/4/2019,31.5,8.6
12/4/2020,27.22222222222222,45.70796460176991
12/4/2021,20.5,-11.597014925373134
12/5/2015,17.333333333333332,25.072992700729927
12/5/2016,21.0,40.857142857142854
12/5/2017,10.333333333333334,-315.4012738853503
12/5/2018,1.0,-188.359477124183
12/5/2019,29.0,18.943089430894307
12/5/2020,19.615384615384617,35.38461538461539
12/5/2021,22.833333333333332,-50.483870967741936
12/6/2015,15.2,-111.02985074626865
12/6/2016,20.4,-63.13333333333333
12/6/2017,13.0,-92.73648648648648
12/6/2018,14.0,-79.00671140939598
12/6/2019,,-142.17741935483872
12/6/2020,15.714285714285714,-1.05
12/6/2021,30.25,4.0534351145038165
12/7/2015,2.0,-46.81578947368421
12/7/2017,8.5,-41.80132450331126
12/7/2018,14.285714285714286,-225.04663212435233
12/7/2019,,-200.76153846153846
12/7/2020,16.666666666666668,11.00909090909091
12/7/2021,19.0,30.11764705882353
12/8/2015,8.333333333333334,13.880597014925373
12/8/2016,11.0,14.40677966101695
12/8/2017,18.0,-57.06024096385542
12/8/2018,25.0,-171.30939226519337
12/8/2019,22.5,-2.096
12/8/2020,4.0,-13.76923076923077
12/8/2021,21.4,37.48780487804878
12/9/2015,12.5,-88.63970588235294
12/9/2016,3.0,-120.69724770642202
12/9/2017,3.0,-116.0
12/9/2018,2.0,-112.61184210526316
12/9/2019,,39.353846153846156
12/9/2020,10.5,19.814814814814813
12/9/2021,28.0,12.2109375
2/1/2015,11.4,16.721311475409838
2/1/2016,34.0,28.990825688073393
2/1/2017,17.0,-124.74444444444444
2/1/2019,,-53.577235772357724
2/1/2021,1.5,-1.5617977528089888
2/10/2015,,-171.58823529411765
2/10/2016,32.0,20.38961038961039
2/10/2017,42.5,25.73394495412844
2/10/2018,26.5,-168.13422818791946
2/10/2019,22.0,-143.89473684210526
2/10/2021,,-16.741573033707866
2/11/2015,14.5,7.445783132530121
2/11/2016,42.0,34.63235294117647
2/11/2017,29.0,19.247863247863247
2/11/2018,70.33333333333333,-296.036231884058
2/11/2019,27.0,-62.043103448275865
2/11/2021,22.5,41.72222222222222
2/12/2015,19.666666666666668,21.949685534591193
2/12/2016,26.666666666666668,38.10344827586207
2/12/2017,14.0,8.25
2/12/2018,22.0,30.03191489361702
2/12/2019,32.0,-222.112
2/12/2021,35.54545454545455,29.64957264957265
2/13/2015,3.5,16.016042780748663
2/13/2016,,-305.3407407407407
2/13/2017,2.0,-49.47
2/13/2018,37.666666666666664,-202.54545454545453
2/13/2019,9.0,-273.76335877862596
2/13/2021,30.75,-121.41025641025641
2/14/2015,,20.654450261780106
2/14/2016,2.0,32.76923076923077
2/14/2017,30.666666666666668,-53.69387755102041
2/14/2018,1.0,-233.76335877862596
2/14/2019,,-83.19205298013244
2/14/2021,48.0,-115.88135593220339
2/15/2015,,28.666666666666668
2/15/2016,20.2,25.653846153846153
2/15/2017,17.0,-112.23711340206185
2/15/2018,,91.98019801980197
2/15/2019,101.0,-238.9251700680272
2/15/2021,37.42857142857143,36.35537190082645
2/16/2015,14.2,23.51832460732984
2/16/2016,28.0,35.87155963302752
2/16/2017,61.0,33.333333333333336
2/16/2018,16.0,-315.49333333333334
2/16/2019,37.0,-134.98
2/16/2021,31.11111111111111,47.03508771929825
2/17/2015,,26.038961038961038
2/17/2016,21.0,21.580952380952382
2/17/2017,24.666666666666668,45.725806451612904
2/17/2018,51.0,61.91216216216216
2/17/2019,37.0,-172.06962025316454
2/17/2021,27.333333333333332,-132.15555555555557
2/18/2015,14.0,18.316326530612244
2/18/2016,18.0,32.096774193548384
2/18/2017,23.0,42.08955223880597
2/18/2018,5.0,-68.8961038961039
2/18/2019,29.0,-36.044117647058826
2/18/2021,45.0,31.26530612244898
2/19/2015,,7.361111111111111
2/19/2016,16.75,26.9811320754717
2/19/2017,28.0,-0.4666666666666667
2/19/2018,30.5,31.616541353383457
2/19/2019,12.0,-118.12925170068027
2/19/2021,23.0,-129.47368421052633
2/2/2015,,11.666666666666666
2/2/2016,24.333333333333332,33.57142857142857
2/2/2017,19.0,26.358695652173914
2/2/2018,51.0,21.541353383458645
2/2/2019,6.0,-51.0
2/2/2021,3.3333333333333335,7.35632183908046
2/20/2015,15.0,9.587912087912088
2/20/2016,3.0,27.08695652173913
2/20/2017,50.75,-137.92436974789916
2/20/2018,,-149.49264705882354
2/20/2019,41.5,-180.5187969924812
2/20/2021,23.25,37.71551724137931
2/21/2015,18.0,20.38659793814433
2/21/2016,,33.28703703703704
2/21/2017,9.0,55.08
2/21/2018,13.0,-225.19310344827585
2/21/2019,,-44.14093959731544
2/21/2021,23.142857142857142,50.204081632653065
2/22/2015,35.0,28.502824858757062
2/22/2016,7.0,2.4444444444444446
2/22/2017,22.5,19.182692307692307
2/22/2018,,-871.8968253968254
2/22/2019,12.0,-120.67175572519083
2/22/2021,33.625,56.46739130434783
2/23/2015,39.0,19.52409638554217
2/23/2016,7.0,-27.24
2/23/2017,21.0,48.45454545454545
2/23/2018,,-131.78620689655173
2/23/2019,28.333333333333332,-40.22222222222222
2/23/2021,43.2,62.241379310344826
2/24/2015,20.5,17.329545454545453
2/24/2016,2.0,15.330188679245284
2/24/2017,9.333333333333334,-93.72357723577235
2/24/2018,22.333333333333332,22.972602739726028
2/24/2019,47.0,-82.34375
2/24/2021,23.285714285714285,47.31182795698925
2/25/2015,12.666666666666666,6.194244604316546
2/25/2016,23.0,19.423076923076923
2/25/2017,2.0,37.04424778761062
2/25/2018,2.0,17.71794871794872
2/25/2019,24.75,-62.2992125984252
2/25/2021,39.5,61.5
2/26/2015,8.333333333333334,10.671140939597315
2/26/2016,20.0,19.107142857142858
2/26/2017,61.5,-52.75609756097561
2/26/2018,16.0,27.015625
2/26/2019,11.0,-229.33834586466165
2/26/2021,56.2,25.16393442622951
2/27/2015,1.0,5.638297872340425
2/27/2016,12.0,17.73913043478261
2/27/2017,40.0,57.20183486238532
2/27/2018,36.5,-147.56428571428572
2/27/2019,32.0,-293.69924812030075
2/27/2021,33.0,-67.4
2/28/2015,3.0,1.9830508474576272
2/28/2016,6.0,25.654205607476637
2/28/2017,,44.36363636363637
2/28/2018,38.333333333333336,-109.25735294117646
2/28/2019,32.5,-51.86713286713287
2/28/2020,,-99.0077519379845
2/28/2021,44.333333333333336,30.641509433962263
2/29/2016,14.0,-265.02702702702703
2/29/2020,5.0,-4.811320754716981
2/3/2015,2.5,14.233333333333333
2/3/2016,38.333333333333336,-145.13684210526316
2/3/2017,19.0,32.14912280701754
2/3/2018,25.0,-135.95364238410596
2/3/2019,14.0,-155.10714285714286
2/3/2021,17.0,-320.0842105263158
2/4/2015,5.0,13.129032258064516
2/4/2016,11.833333333333334,18.258426966292134
2/4/2017,2.0,27.017543859649123
2/4/2018,20.0,-97.22222222222223
2/4/2019,18.0,-72.046875
2/4/2021,19.0,-400.9347826086956
2/5/2015,3.0,5.68
2/5/2016,,-2.65
2/5/2017,34.2,-106.04716981132076
2/5/2018,,-123.27118644067797
2/5/2019,,-143.65891472868216
2/5/2021,25.0,-336.3669724770642
2/6/2015,14.0,20.843023255813954
2/6/2016,4.333333333333333,-0.5702479338842975
2/6/2017,,-96.95833333333333
2/6/2018,,-362.33870967741933
2/6/2019,45.0,-217.3235294117647
2/6/2021,20.8,23.52777777777778
2/7/2015,31.0,18.34170854271357
2/7/2016,1.0,-20.69918699186992
2/7/2017,15.0,24.725274725274726
2/7/2018,36.0,-253.6171875
2/7/2019,43.0,-60.371428571428574
2/7/2021,18.6,-84.62886597938144
2/8/2015,14.5,19.365079365079364
2/8/2016,,29.796747967479675
2/8/2017,24.0,28.579545454545453
2/8/2018,31.0,-112.58823529411765
2/8/2019,31.75,-112.20547945205479
2/8/2021,17.666666666666668,-11.308641975308642
2/9/2015,3.0,9.594594594594595
2/9/2016,,-94.35714285714286
2/9/2017,,25.229885057471265
2/9/2018,55.5,-28.507575757575758
2/9/2019,8.5,-168.95035460992906
2/9/2021,24.6,30.658823529411766
3/1/2015,19.25,19.83139534883721
3/1/2016,22.5,27.05
3/1/2017,,45.8252427184466
3/1/2018,26.0,38.717948717948715
3/1/2019,,-122.19847328244275
3/1/2020,30.333333333333332,36.47959183673469
3/1/2021,38.142857142857146,-143.53333333333333
3/10/2015,11.0,33.6566265060241
3/10/2016,13.5,30.833333333333332
3/10/2017,59.5,55.18691588785047
3/10/2018,39.0,-15.165562913907285
3/10/2019,,-127.33103448275862
3/10/2020,,-321.43243243243245
3/10/2021,40.5,70.09708737864078
3/11/2015,22.0,32.634730538922156
3/11/2016,3.0,-63.009009009009006
3/11/2017,67.0,50.958333333333336
3/11/2018,56.0,-70.37931034482759
3/11/2019,,-317.1021897810219
3/11/2020,106.0,71.86046511627907
3/11/2021,53.916666666666664,69.82142857142857
3/12/2015,18.666666666666668,24.724550898203592
3/12/2016,31.166666666666668,40.88495575221239
3/12/2017,,35.575221238938056
3/12/2018,50.666666666666664,-15.406666666666666
3/12/2019,,-116.02580645161291
3/12/2020,12.0,-62.556603773584904
3/12/2021,47.72727272727273,59.848
3/13/2015,4.0,29.446540880503143
3/13/2016,29.0,36.36752136752137
3/13/2017,,-83.97413793103448
3/13/2018,,-167.97368421052633
3/13/2019,41.5,-327.4457831325301
3/13/2020,47.0,-103.71171171171171
3/13/2021,38.166666666666664,60.65040650406504
3/14/2015,8.5,38.227777777777774
3/14/2016,,57.81818181818182
3/14/2017,13.0,37.97520661157025
3/14/2018,28.0,-129.90853658536585
3/14/2019,16.5,-36.66896551724138
3/14/2021,31.133333333333333,55.853658536585364
3/15/2015,18.0,31.962365591397848
3/15/2016,16.0,51.308411214953274
3/15/2017,,34.78813559322034
3/15/2018,4.0,8.7682119205298
3/15/2019,17.5,-79.0718954248366
3/15/2021,45.714285714285715,58.511811023622045
3/16/2015,22.0,49.729281767955804
3/16/2016,41.0,-253.34426229508196
3/16/2017,7.5,-95.95967741935483
3/16/2018,,0.15384615384615385
3/16/2019,15.0,-86.77777777777777
3/16/2021,45.92857142857143,69.53781512605042
3/17/2015,14.0,44.65841584158416
3/17/2016,24.833333333333332,-98.36936936936937
3/17/2017,28.0,50.86614173228347
3/17/2018,,-33.69078947368421
3/17/2019,,-261.26056338028167
3/17/2021,51.333333333333336,-114.77952755905511
3/18/2015,23.0,40.646766169154226
3/18/2016,15.0,51.596638655462186
3/18/2017,27.0,56.15384615384615
3/18/2018,48.0,-55.197080291970806
3/18/2019,1.0,-62.57142857142857
3/18/2021,46.22222222222222,37.0
3/19/2015,,40.41237113402062
3/19/2016,13.0,-72.97540983606558
3/19/2017,28.666666666666668,42.92079207920792
3/19/2018,49.333333333333336,-14.373134328358208
3/19/2019,18.0,-476.83098591549293
3/19/2021,34.333333333333336,-113.7603305785124
3/2/2015,21.5,27.54237288135593
3/2/2016,22.0,14.32183908045977
3/2/2017,50.5,-17.118181818181817
3/2/2018,23.0,-49.215384615384615
3/2/2019,3.0,-30.48201438848921
3/2/2020,,38.78947368421053
3/2/2021,31.4,59.294117647058826
3/20/2015,26.0,41.05263157894737
3/20/2016,27.5,-26.404761904761905
3/20/2017,74.0,56.61904761904762
3/20/2018,22.0,-205.52027027027026
3/20/2019,50.5,-129.18543046357615
3/20/2021,9.75,29.583333333333332
3/21/2015,24.5,40.03191489361702
3/21/2016,50.0,30.73076923076923
3/21/2017,,-387.9549549549549
3/21/2018,4.0,-103.61538461538461
3/21/2019,20.0,-27.124223602484474
3/21/2021,10.8,15.508333333333333
3/22/2015,45.5,38.27956989247312
3/22/2016,13.0,64.09420289855072
3/22/2017,30.0,-272.5258620689655
3/22/2018,27.0,17.970149253731343
3/22/2019,8.0,-255.8987341772152
3/22/2021,18.833333333333332,39.747899159663866
3/23/2015,17.0,26.647398843930635
3/23/2016,32.0,-44.36241610738255
3/23/2017,,-3.2142857142857144
3/23/2018,19.666666666666668,-138.42567567567568
3/23/2019,10.5,-154.82894736842104
3/23/2021,29.166666666666668,72.11711711711712
3/24/2015,8.0,44.598930481283425
3/24/2016,7.5,-212.03649635036496
3/24/2017,63.0,-119.33928571428571
3/24/2018,,47.776978417266186
3/24/2019,64.0,-165.64583333333334
3/24/2021,51.625,68.0
3/25/2015,18.75,40.433526011560694
3/25/2016,6.0,-40.02158273381295
3/25/2017,3.0,66.34146341463415
3/25/2018,20.75,-19.58695652173913
3/25/2019,16.0,-30.551470588235293
3/25/2021,43.90909090909091,39.714285714285715
3/26/2015,40.0,41.544117647058826
3/26/2016,14.5,-44.43150684931507
3/26/2017,25.0,59.729729729729726
3/26/2018,,40.87837837837838
3/26/2019,42.0,-103.62676056338029
3/26/2021,37.411764705882355,40.1900826446281
3/27/2015,25.0,29.166666666666668
3/27/2016,26.666666666666668,-104.36111111111111
3/27/2017,41.0,60.44642857142857
3/27/2018,38.5,-39.013333333333335
3/27/2019,52.0,-248.24666666666667
3/27/2021,38.7,-22.85123966942149
3/28/2015,13.0,10.0
3/28/2016,22.0,-0.9846153846153847
3/28/2017,,-15.850877192982455
3/28/2018,,-108.5
3/28/2019,,-272.25766871165644
3/28/2021,43.7,43.19512195121951
3/29/2015,,27.5
3/29/2016,28.2,-53.65
3/29/2017,17.5,63.01652892561984
3/29/2018,35.0,54.904458598726116
3/29/2019,22.0,-74.92
3/29/2021,39.0,57.01709401709402
3/3/2015,17.0,26.506410256410255
3/3/2016,36.0,30.63953488372093
3/3/2017,14.0,40.474137931034484
3/3/2018,,-344.9179104477612
3/3/2019,63.0,-119.59183673469387
3/3/2020,,-269.6703296703297
3/3/2021,26.333333333333332,0.5454545454545454
3/30/2015,,65.77272727272727
3/30/2016,26.0,71.76760563380282
3/30/2017,,59.13223140495868
3/30/2018,20.666666666666668,-18.17391304347826
3/30/2019,17.25,-192.05343511450383
3/30/2021,46.333333333333336,74.125
3/31/2015,49.666666666666664,52.0
3/31/2016,0.0,70.60283687943263
3/31/2017,41.25,57.610619469026545
3/31/2018,33.0,30.5531914893617
3/31/2019,92.0,-123.08219178082192
3/31/2021,54.666666666666664,14.16260162601626
3/4/2015,11.0,16.554878048780488
3/4/2016,,-128.7888888888889
3/4/2017,2.0,-11.066115702479339
3/4/2018,35.0,-348.0735294117647
3/4/2019,5.0,-83.5
3/4/2020,,-175.7191011235955
3/4/2021,39.333333333333336,45.333333333333336
3/5/2015,24.5,21.264150943396228
3/5/2016,24.666666666666668,22.436893203883496
3/5/2017,26.0,31.442307692307693
3/5/2018,4.0,-279.0619469026549
3/5/2019,21.0,-215.10526315789474
3/5/2020,,67.38636363636364
3/5/2021,37.0,-123.44954128440367
3/6/2015,,9.264705882352942
3/6/2016,23.666666666666668,26.367924528301888
3/6/2017,21.5,41.285714285714285
3/6/2018,50.5,-118.5078125
3/6/2019,,-217.04285714285714
3/6/2020,55.0,39.96638655462185
3/6/2021,18.75,11.483333333333333
3/7/2015,13.0,12.834224598930481
3/7/2016,9.0,28.839285714285715
3/7/2017,30.666666666666668,37.755102040816325
3/7/2018,36.5,-227.0375939849624
3/7/2019,,-44.74324324324324
3/7/2020,15.0,32.23809523809524
3/7/2021,35.0,41.493506493506494
3/8/2015,,26.129032258064516
3/8/2016,18.0,-106.75438596491227
3/8/2017,25.333333333333332,44.80952380952381
3/8/2018,8.0,-141.35593220338984
3/8/2019,40.0,-264.26241134751774
3/8/2020,15.0,-388.688679245283
3/8/2021,40.0,-376.41525423728814
3/9/2015,,37.63586956521739
3/9/2016,,-79.6470588235294
3/9/2017,19.0,13.330275229357799
3/9/2018,8.0,-65.24647887323944
3/9/2019,12.0,-45.55555555555556
3/9/2020,,-204.1705426356589
3/9/2021,60.0,-142.0185185185185
4/1/2015,27.333333333333332,47.5
4/1/2016,27.333333333333332,57.5968992248062
4/1/2017,69.5,-345.6752136752137
4/1/2018,45.0,26.420689655172414
4/1/2019,,-159.80575539568346
4/1/2021,43.0,58.25396825396825
4/10/2015,22.0,-237.89673913043478
4/10/2016,9.2,29.253731343283583
4/10/2017,,-73.42857142857143
4/10/2018,,-240.12781954887217
4/10/2019,30.8,-168.73509933774835
4/10/2021,47.55555555555556,23.691056910569106
4/11/2015,37.166666666666664,-26.184971098265898
4/11/2016,13.5,29.49579831932773
4/11/2017,21.6,71.64233576642336
4/11/2018,15.0,-207.61428571428573
4/11/2019,2.0,-67.68944099378882
4/11/2021,33.5,-317.736
4/12/2015,38.0,30.325443786982248
4/12/2016,35.0,29.628099173553718
4/12/2017,9.0,-11.94308943089431
4/12/2018,,-0.7377049180327869
4/12/2019,15.5,-129.8815789473684
4/12/2021,33.083333333333336,9.723577235772357
4/13/2015,22.4,-36.917159763313606
4/13/2016,6.0,-77.69166666666666
4/13/2017,29.666666666666668,79.84251968503936
4/13/2018,9.0,-175.0814814814815
4/13/2019,4.5,-93.8092105263158
4/13/2021,45.916666666666664,51.12931034482759
4/14/2015,8.0,-27.872093023255815
4/14/2016,21.5,22.276422764227643
4/14/2017,6.0,59.1171875
4/14/2018,50.0,52.406666666666666
4/14/2019,22.5,-137.09756097560975
4/14/2021,68.33333333333333,-8.051282051282051
4/15/2015,29.25,19.943037974683545
4/15/2016,22.333333333333332,25.390625
4/15/2017,21.0,50.68702290076336
4/15/2018,2.0,-58.755102040816325
4/15/2019,10.5,-10.134969325153374
4/15/2021,45.666666666666664,5.0085470085470085
4/16/2015,25.0,-193.0119760479042
4/16/2016,14.0,27.53846153846154
4/16/2017,,38.125
4/16/2018,13.0,-68.64227642276423
4/16/2019,,-3.79375
4/16/2021,46.0,20.798387096774192
4/17/2015,,-3.1633986928104574
4/17/2016,11.0,-175.2248062015504
4/17/2017,23.0,48.898305084745765
4/17/2018,,-82.27272727272727
4/17/2019,8.0,-147.29943502824858
4/17/2021,28.0,-7.444444444444445
4/18/2015,7.0,43.24242424242424
4/18/2016,19.714285714285715,35.3968253968254
4/18/2017,11.0,-102.046875
4/18/2018,22.5,-136.2945205479452
4/18/2019,16.0,-2.1333333333333333
4/18/2021,30.11111111111111,15.88
4/19/2015,21.0,-50.29192546583851
4/19/2016,16.0,37.410714285714285
4/19/2017,39.4,-7.976923076923077
4/19/2018,21.75,-35.85271317829457
4/19/2019,79.66666666666667,-256.2705882352941
4/19/2021,36.333333333333336,24.059322033898304
4/2/2015,20.333333333333332,67.05128205128206
4/2/2016,25.5,-177.54961832061068
4/2/2017,40.333333333333336,1.9626168224299065
4/2/2018,22.0,58.36486486486486
4/2/2019,61.0,-128.51724137931035
4/2/2021,33.0,-342.5447154471545
4/20/2015,8.6,-127.61212121212121
4/20/2016,22.8,21.258333333333333
4/20/2017,45.5,50.87301587301587
4/20/2018,25.0,-52.10294117647059
4/20/2019,,-33.23125
4/20/2021,47.5,-301.3666666666667
4/21/2015,3.0,34.875
4/21/2016,11.0,-25.137254901960784
4/21/2017,48.0,-60.73451327433628
4/21/2018,9.0,44.19047619047619
4/21/2019,58.0,-308.60493827160496
4/21/2021,36.4,46.016
4/22/2015,16.0,-57.47945205479452
4/22/2016,11.333333333333334,37.608695652173914
4/22/2017,9.8,65.76576576576576
4/22/2018,34.5,-103.9
4/22/2019,5.0,-63.44375
4/22/2021,47.42857142857143,34.41935483870968
4/23/2015,20.75,-52.339080459770116
4/23/2016,22.75,41.73913043478261
4/23/2017,25.0,35.78125
4/23/2018,9.0,-23.34328358208955
4/23/2019,4.0,-136.38364779874215
4/23/2021,32.22222222222222,-121.33333333333333
4/24/2015,23.5,44.18787878787879
4/24/2016,20.666666666666668,26.764705882352942
4/24/2017,66.5,-111.76363636363637
4/24/2018,29.0,-61.89473684210526
4/24/2019,,-340.62359550561797
4/24/2021,30.77777777777778,37.18333333333333
4/25/2015,,-23.54913294797688
4/25/2016,15.333333333333334,47.5
4/25/2017,36.5,45.095238095238095
4/25/2018,21.0,-187.15573770491804
4/25/2019,21.0,-230.96226415094338
4/25/2021,35.5,19.96031746031746
4/26/2015,,24.705882352941178
4/26/2016,25.5,-358.84615384615387
4/26/2017,14.25,36.22641509433962
4/26/2018,,-96.73333333333333
4/26/2019,20.333333333333332,-99.25153374233129
4/26/2021,33.5,34.69672131147541
4/27/2015,,-67.89820359281437
4/27/2016,14.75,34.747899159663866
4/27/2017,32.0,38.34905660377358
4/27/2018,24.0,-197.1891891891892
4/27/2019,20.75,-29.951515151515153
4/27/2021,40.5,26.658333333333335
4/28/2015,18.0,15.18867924528302
4/28/2016,32.5,44.4954128440367
4/28/2017,,-101.49090909090908
4/28/2018,,28.60135135135135
4/28/2019,9.333333333333334,-213.03947368421052
4/28/2021,33.6,42.389830508474574
4/29/2015,19.0,22.63157894736842
4/29/2016,14.0,40.578512396694215
4/29/2017,,-645.7964601769911
4/29/2018,40.0,-164.04794520547946
4/29/2019,12.5,-171.93846153846152
4/29/2021,41.0,41.8974358974359
4/3/2015,15.11111111111111,51.93939393939394
4/3/2016,2.6666666666666665,-57.61788617886179
4/3/2017,27.0,-311.5123966942149
4/3/2018,57.0,26.2
4/3/2019,4.0,-138.19871794871796
4/3/2021,46.0,-2.049586776859504
4/30/2015,26.5,-21.83108108108108
4/30/2016,,39.87603305785124
4/30/2017,,-247.76190476190476
4/30/2018,,-64.408
4/30/2019,19.333333333333332,-49.11940298507463
4/30/2021,32.666666666666664,-11.76923076923077
4/4/2015,11.0,47.04697986577181
4/4/2016,20.0,54.0
4/4/2017,21.5,-51.526315789473685
4/4/2018,31.75,-127.57558139534883
4/4/2019,21.0,-42.17791411042945
4/4/2021,57.666666666666664,36.231404958677686
4/5/2015,8.333333333333334,34.01242236024845
4/5/2016,25.0,-52.21008403361345
4/5/2017,18.5,-77.2566371681416
4/5/2018,9.0,72.75
4/5/2019,15.333333333333334,-122.8
4/5/2021,46.27272727272727,-73.03478260869565
4/6/2015,12.333333333333334,58.96067415730337
4/6/2016,23.555555555555557,55.319148936170215
4/6/2017,,-384.98130841121497
4/6/2018,29.666666666666668,-16.71518987341772
4/6/2019,5.0,-105.72027972027972
4/6/2021,52.857142857142854,45.70338983050848
4/7/2015,49.5,67.02312138728324
4/7/2016,26.333333333333332,49.592592592592595
4/7/2017,,-878.228813559322
4/7/2018,43.5,-3.48
4/7/2019,18.0,-111.03378378378379
4/7/2021,49.0,68.91666666666667
4/8/2015,20.0,31.057692307692307
4/8/2016,6.0,44.24242424242424
4/8/2017,25.666666666666668,64.52991452991454
4/8/2018,18.25,-32.24475524475525
4/8/2019,10.0,-106.10606060606061
4/8/2021,37.111111111111114,-156.83333333333334
4/9/2015,20.75,62.248520710059175
4/9/2016,19.5,35.03731343283582
4/9/2017,,-7.457943925233645
4/9/2018,12.0,21.47328244274809
4/9/2019,6.0,-149.54861111111111
4/9/2021,57.36363636363637,71.11570247933884
5/1/2015,9.5,-142.71345029239765
5/1/2016,12.333333333333334,36.26923076923077
5/1/2017,24.0,-16.276190476190475
5/1/2018,45.0,-103.85611510791367
5/1/2019,37.0,-180.34868421052633
5/1/2021,46.25,-138.5040650406504
5/10/2015,10.0,26.94267515923567
5/10/2016,8.666666666666666,36.774193548387096
5/10/2017,16.5,1.376068376068376
5/10/2018,27.0,-218.5
5/10/2019,43.5,-112.81379310344828
5/10/2021,44.333333333333336,-264.4
5/11/2015,33.5,-92.83116883116882
5/11/2016,15.5,-379.6
5/11/2017,16.2,52.791666666666664
5/11/2018,35.0,46.666666666666664
5/11/2019,17.0,-221.71812080536913
5/11/2021,42.5,-172.5241935483871
5/12/2015,20.0,-34.317241379310346
5/12/2016,27.0,36.25
5/12/2017,38.5,53.416666666666664
5/12/2018,73.0,55.833333333333336
5/12/2019,,-122.8344827586207
5/12/2021,44.833333333333336,-149.7244094488189
5/13/2015,30.0,24.41358024691358
5/13/2016,21.75,36.833333333333336
5/13/2017,19.0,-50.65217391304348
5/13/2018,19.0,-3.252032520325203
5/13/2019,13.0,-369.7185185185185
5/13/2021,38.69230769230769,-78.04166666666667
5/14/2015,,35.15527950310559
5/14/2016,15.0,35.763888888888886
5/14/2017,37.5,46.495327102803735
5/14/2018,14.5,3.584
5/14/2019,11.666666666666666,-179.34246575342465
5/14/2021,31.4375,34.38135593220339
5/15/2015,21.0,5.091463414634147
5/15/2016,19.0,25.4
5/15/2017,,-6.254545454545455
5/15/2018,12.0,-143.92537313432837
5/15/2019,49.5,-144.71140939597316
5/15/2021,27.0,29.60330578512397
5/16/2015,45.0,43.56896551724138
5/16/2016,6.0,-222.65217391304347
5/16/2017,9.0,44.375
5/16/2018,12.0,-165.21985815602838
5/16/2019,36.5,-61.68098159509202
5/16/2021,42.625,38.570247933884296
5/17/2015,,-131.45402298850576
5/17/2016,16.75,-277.20512820512823
5/17/2017,33.0,46.717171717171716
5/17/2018,13.0,5.5528455284552845
5/17/2019,,-252.1056338028169
5/17/2021,34.92307692307692,6.889763779527559
5/18/2015,9.5,36.89102564102564
5/18/2016,13.0,21.90909090909091
5/18/2017,34.0,40.728155339805824
5/18/2018,11.666666666666666,-85.27407407407408
5/18/2019,38.2,-66.69938650306749
5/18/2021,32.285714285714285,-62.59836065573771
5/19/2015,13.0,-14.837209302325581
5/19/2016,26.0,-143.83076923076922
5/19/2017,23.0,-41.51456310679612
5/19/2018,8.0,-211.26797385620915
5/19/2019,15.0,-135.17123287671234
5/19/2021,30.625,29.85123966942149
5/2/2015,7.0,35.16949152542373
5/2/2016,,-90.21153846153847
5/2/2017,20.5,-195.23711340206185
5/2/2018,16.6,-101.46979865771812
5/2/2019,18.5,-137.82634730538922
5/2/2021,39.22222222222222,-28.347457627118644
5/20/2015,15.0,-50.21854304635762
5/20/2016,10.0,33.798449612403104
5/20/2017,13.6,56.294642857142854
5/20/2018,2.0,-89.70588235294117
5/20/2019,30.0,-165.8939393939394
5/20/2021,35.0,-39.72093023255814
5/21/2015,12.0,-8.60897435897436
5/21/2016,19.0,37.63358778625954
5/21/2017,8.0,-122.71717171717172
5/21/2018,18.5,17.584
5/21/2019,19.333333333333332,-140.8041958041958
5/21/2021,34.266666666666666,-150.82258064516128
5/22/2015,12.375,-64.51674641148325
5/22/2016,32.0,-12.942622950819672
5/22/2017,69.0,-140.73076923076923
5/22/2018,37.0,-75.83333333333333
5/22/2019,32.5,-164.25503355704697
5/22/2021,31.0,-71.11904761904762
5/23/2015,7.0,-121.3859649122807
5/23/2016,22.0,-109.07692307692308
5/23/2017,3.0,-6.445454545454545
5/23/2018,37.0,-212.9387755102041
5/23/2019,13.0,-38.14556962025316
5/23/2021,27.352941176470587,2.1875
5/24/2015,19.333333333333332,6.140243902439025
5/24/2016,15.5,-55.645669291338585
5/24/2017,,-61.23809523809524
5/24/2018,18.0,-293.0615384615385
5/24/2019,94.0,-583.7785714285715
5/24/2021,37.42857142857143,-154.02459016393442
5/25/2015,23.5,4.569767441860465
5/25/2016,24.75,44.811023622047244
5/25/2017,18.0,-33.026315789473685
5/25/2018,19.0,-61.42857142857143
5/25/2019,25.75,-15.266666666666667
5/25/2021,40.0,-131.099173553719
5/26/2015,,51.56441717791411
5/26/2016,83.0,66.36
5/26/2017,,-122.70175438596492
5/26/2018,16.0,46.40136054421769
5/26/2019,35.833333333333336,-194.88125
5/26/2021,32.92307692307692,-16.629032258064516
5/27/2015,20.2,43.15642458100559
5/27/2016,30.714285714285715,-134.16176470588235
5/27/2017,27.2,64.296875
5/27/2018,20.0,41.560810810810814
5/27/2019,30.25,-43.72727272727273
5/27/2021,50.666666666666664,11.461538461538462
5/28/2015,35.0,51.87116564417178
5/28/2016,36.75,44.440298507462686
5/28/2017,35.666666666666664,-32.035714285714285
5/28/2018,,-48.02255639097744
5/28/2019,,-105.20979020979021
5/28/2021,57.42857142857143,-255.42741935483872
5/29/2015,11.4,-70.6775956284153
5/29/2016,19.0,-81.17557251908397
5/29/2017,,51.8421052631579
5/29/2018,23.5,24.46808510638298
5/29/2019,38.5,-238.29375
5/29/2021,34.07692307692308,-6.624
5/3/2015,12.4,29.0
5/3/2016,1.0,-17.212389380530972
5/3/2017,19.0,31.798076923076923
5/3/2018,57.0,14.393700787401574
5/3/2019,35.0,-106.68666666666667
5/3/2021,44.0,-27.764705882352942
5/30/2015,13.0,-39.68556701030928
5/30/2016,20.0,-98.17293233082707
5/30/2017,6.0,-260.36206896551727
5/30/2018,70.0,-284.74050632911394
5/30/2019,,-32.55974842767296
5/30/2021,47.2,-163.20634920634922
5/31/2015,14.5,-198.3684210526316
5/31/2016,14.0,-84.18939393939394
5/31/2017,33.5,-12.791304347826086
5/31/2018,,-18.639097744360903
5/31/2019,36.0,-78.39375
5/31/2021,27.1,23.959016393442624
5/4/2015,16.5,34.73684210526316
5/4/2016,3.0,-2.8548387096774195
5/4/2017,,44.75
5/4/2018,23.4,-139.67132867132867
5/4/2019,5.0,-152.46762589928056
5/4/2021,46.27272727272727,44.60909090909091
5/5/2015,,28.044692737430168
5/5/2016,33.5,49.7752808988764
5/5/2017,42.0,41.91588785046729
5/5/2018,27.333333333333332,31.91946308724832
5/5/2019,,-599.3424657534247
5/5/2021,43.0,40.773109243697476
5/6/2015,16.0,27.024539877300615
5/6/2016,,-172.59633027522935
5/6/2017,109.0,46.104838709677416
5/6/2018,8.0,7.315789473684211
5/6/2019,,-35.5
5/6/2021,36.666666666666664,-34.15833333333333
5/7/2015,14.666666666666666,28.151515151515152
5/7/2016,20.2,27.93233082706767
5/7/2017,30.2,52.5
5/7/2018,,-198.90140845070422
5/7/2019,57.0,-270.83673469387753
5/7/2021,42.166666666666664,-40.333333333333336
5/8/2015,17.666666666666668,-114.8011049723757
5/8/2016,5.666666666666667,9.4
5/8/2017,17.666666666666668,55.775862068965516
5/8/2018,39.5,-191.408
5/8/2019,79.66666666666667,-256.87820512820514
5/8/2021,33.36363636363637,-20.206349206349206
5/9/2015,15.285714285714286,12.467032967032967
5/9/2016,18.333333333333332,32.093023255813954
5/9/2017,20.0,45.50847457627118
5/9/2018,49.0,18.0
5/9/2019,48.666666666666664,-89.90963855421687
5/9/2021,32.666666666666664,-104.18333333333334
6/1/2015,20.75,-112.15706806282722
6/1/2016,21.333333333333332,-19.81679389312977
6/1/2017,10.0,41.71304347826087
6/1/2018,18.25,-110.53333333333333
6/1/2019,,-18.365384615384617
6/1/2021,30.666666666666668,37.2520325203252
6/10/2015,34.6,-71.08465608465609
6/10/2016,37.0,-73.34146341463415
6/10/2017,10.0,11.860869565217392
6/10/2018,35.0,-175.4931506849315
6/10/2019,18.0,-176.35761589403972
6/10/2021,40.0,-290.8897637795276
6/11/2015,19.333333333333332,56.25714285714286
6/11/2016,20.5,26.901639344262296
6/11/2017,17.25,-102.66355140186916
6/11/2018,,-542.668918918919
6/11/2019,,-171.39864864864865
6/11/2021,45.5,-267.34615384615387
6/12/2015,28.5,45.02777777777778
6/12/2016,25.0,8.772357723577235
6/12/2017,17.0,-66.80357142857143
6/12/2018,16.0,-112.52631578947368
6/12/2019,31.0,-2.75
6/12/2021,39.8,-191.3790322580645
6/13/2015,17.142857142857142,39.0625
6/13/2016,7.0,-57.66115702479339
6/13/2017,28.0,-242.25423728813558
6/13/2018,37.333333333333336,-257.78612716763007
6/13/2019,14.0,-76.8173076923077
6/13/2021,40.916666666666664,-160.52845528455285
6/14/2015,13.0,37.131147540983605
6/14/2016,10.0,49.221311475409834
6/14/2017,43.0,58.90756302521008
6/14/2018,,-314.3378378378378
6/14/2019,23.5,54.321100917431195
6/14/2021,42.77777777777778,-279.7175572519084
6/15/2015,44.0,43.333333333333336
6/15/2016,34.0,57.125984251968504
6/15/2017,36.0,-36.10377358490566
6/15/2018,,-110.06
6/15/2019,8.0,-196.64754098360655
6/15/2021,35.375,-353.2276422764228
6/16/2015,9.0,43.333333333333336
6/16/2016,37.0,3.8671875
6/16/2017,20.5,-600.3495145631068
6/16/2018,16.75,-118.11409395973155
6/16/2019,,-396.3545454545455
6/16/2021,22.11111111111111,-98.824
6/17/2015,16.333333333333332,43.42391304347826
6/17/2016,26.5,10.818181818181818
6/17/2017,52.5,-130.51304347826087
6/17/2018,53.0,-279.96753246753246
6/17/2019,,3.341880341880342
6/17/2021,21.166666666666668,-275.9133858267717
6/18/2015,,-28.859756097560975
6/18/2016,24.0,-213.10743801652893
6/18/2017,29.0,-43.34285714285714
6/18/2018,53.0,-62.54929577464789
6/18/2019,,-103.87610619469027
6/18/2021,24.2,-205.85826771653544
6/19/2015,18.5,-86.46198830409357
6/19/2016,20.666666666666668,31.428571428571427
6/19/2017,29.0,-1.9724770642201834
6/19/2018,28.75,-66.06896551724138
6/19/2019,35.5,-246.04310344827587
6/19/2021,30.88888888888889,-118.2421875
6/2/2015,12.0,28.785310734463277
6/2/2016,21.0,52.75590551181102
6/2/2017,42.0,6.067796610169491
6/2/2018,32.0,-142.77027027027026
6/2/2019,40.5,-118.83870967741936
6/2/2021,39.714285714285715,15.28
6/20/2015,35.666666666666664,-167.5056818181818
6/20/2016,77.0,49.96923076923077
6/20/2017,71.0,66.68181818181819
6/20/2018,32.333333333333336,-198.14110429447854
6/20/2019,12.0,71.96296296296296
6/20/2021,21.157894736842106,-48.1171875
6/21/2015,,7.485714285714286
6/21/2016,10.0,50.78125
6/21/2017,24.0,9.612903225806452
6/21/2018,11.0,-25.748251748251747
6/21/2019,,-270.2689075630252
6/21/2021,26.928571428571427,-42.75590551181102
6/22/2015,13.0,48.26086956521739
6/22/2016,18.0,37.212765957446805
6/22/2017,47.0,-77.15238095238095
6/22/2018,48.0,-130.3395061728395
6/22/2019,,-110.1219512195122
6/22/2021,26.11111111111111,-176.4206349206349
6/23/2015,11.0,-233.57368421052632
6/23/2016,49.0,52.11711711711712
6/23/2017,15.0,-141.45774647887325
6/23/2018,13.5,-261.75925925925924
6/23/2019,,56.44859813084112
6/23/2021,34.5,-356.3953488372093
6/24/2015,28.0,-27.797927461139896
6/24/2016,26.5,51.65217391304348
6/24/2017,,-228.04918032786884
6/24/2018,24.0,-222.66272189349112
6/24/2019,,68.28947368421052
6/24/2021,35.8,-311.7007874015748
6/25/2015,28.333333333333332,-85.77595628415301
6/25/2016,27.0,25.946902654867255
6/25/2017,3.0,-99.5187969924812
6/25/2018,15.0,-7.033557046979865
6/25/2019,,-31.0
6/25/2021,31.214285714285715,-309.13709677419354
6/26/2015,29.0,42.628571428571426
6/26/2016,20.0,-69.24347826086957
6/26/2017,5.0,-26.171641791044777
6/26/2018,58.0,-65.58064516129032
6/26/2019,45.0,-48.547008547008545
6/26/2021,23.76923076923077,-177.17948717948718
6/27/2015,14.0,40.59322033898305
6/27/2016,50.0,2.902439024390244
6/27/2017,,-246.66165413533835
6/27/2018,46.0,-139.50877192982455
6/27/2019,5.5,59.6078431372549
6/27/2021,28.714285714285715,-405.8617886178862
6/28/2015,,-63.69230769230769
6/28/2016,14.0,-11.930434782608696
6/28/2017,15.0,-69.22147651006712
6/28/2018,,-95.84892086330935
6/28/2019,20.0,-32.232142857142854
6/28/2021,36.42857142857143,-391.25409836065575
6/29/2015,,-1.975609756097561
6/29/2016,56.0,-232.13793103448276
6/29/2017,,13.975206611570249
6/29/2018,18.0,-355.48979591836735
6/29/2019,15.5,-26.155963302752294
6/29/2021,48.0,-502.59166666666664
6/3/2015,21.0,45.294117647058826
6/3/2016,18.0,51.08527131782946
6/3/2017,23.0,-79.31746031746032
6/3/2018,28.0,40.979166666666664
6/3/2019,19.333333333333332,-38.9448275862069
6/3/2021,46.1764705882353,38.7265625
6/30/2015,,49.32098765432099
6/30/2016,27.0,47.612612612612615
6/30/2017,33.0,-140.10526315789474
6/30/2018,13.0,-107.35915492957747
6/30/2019,8.0,70.47169811320755
6/30/2021,42.1,5.801587301587301
6/4/2015,21.0,43.545945945945945
6/4/2016,6.0,-51.1484375
6/4/2017,15.0,57.18446601941748
6/4/2018,32.0,33.67763157894737
6/4/2019,36.0,-115.57432432432432
6/4/2021,32.46666666666667,-144.66412213740458
6/5/2015,15.0,-82.90502793296089
6/5/2016,36.0,4.9147286821705425
6/5/2017,10.0,45.85217391304348
6/5/2018,22.75,35.714285714285715
6/5/2019,6.5,-223.29268292682926
6/5/2021,31.4,-27.96153846153846
6/6/2015,28.0,-40.30569948186528
6/6/2016,5.0,29.208333333333332
6/6/2017,,-131.5981308411215
6/6/2018,,-164.6851851851852
6/6/2019,,-318.7453416149068
6/6/2021,46.333333333333336,-3.184
6/7/2015,26.875,46.1436170212766
6/7/2016,10.75,-25.695238095238096
6/7/2017,16.0,-15.028571428571428
6/7/2018,34.0,-197.6778523489933
6/7/2019,37.5,-86.77987421383648
6/7/2021,34.0,39.1953125
6/8/2015,22.8,44.98974358974359
6/8/2016,36.0,31.215827338129497
6/8/2017,30.5,39.648148148148145
6/8/2018,29.0,-118.23076923076923
6/8/2019,18.666666666666668,-354.51079136690646
6/8/2021,31.176470588235293,-95.296
6/9/2015,15.333333333333334,-95.09411764705882
6/9/2016,25.666666666666668,50.56390977443609
6/9/2017,94.0,-30.66346153846154
6/9/2018,21.0,-31.87142857142857
6/9/2019,6.0,-276.8150684931507
6/9/2021,34.36363636363637,38.176
7/1/2015,12.333333333333334,-109.6534090909091
7/1/2016,,-187.30275229357798
7/1/2017,2.0,-356.95081967213116
7/1/2018,9.0,-160.40540540540542
7/1/2019,,-224.47407407407408
7/1/2021,36.833333333333336,-92.96268656716418
7/10/2015,3.0,48.61635220125786
7/10/2016,,-158.08080808080808
7/10/2017,,-20.330578512396695
7/10/2018,29.5,-199.71328671328672
7/10/2019,20.5,57.57142857142857
7/10/2020,,-121.3013698630137
7/10/2021,35.25,23.779411764705884
7/11/2015,19.0,-173.86904761904762
7/11/2016,,65.35714285714286
7/11/2017,,-152.09022556390977
7/11/2018,,-132.9
7/11/2019,20.0,30.388489208633093
7/11/2020,15.5,-221.63440860215053
7/11/2021,25.0,-183.7890625
7/12/2015,24.666666666666668,-6.1125
7/12/2016,8.0,-123.19827586206897
7/12/2017,17.0,-139.22695035460993
7/12/2018,36.0,-50.233082706766915
7/12/2019,,-201.13636363636363
7/12/2020,10.5,-409.23595505617976
7/12/2021,29.4,-28.968503937007874
7/13/2015,24.0,43.77717391304348
7/13/2016,35.0,-79.22413793103448
7/13/2017,20.5,-77.60317460317461
7/13/2018,29.0,-126.70860927152317
7/13/2019,4.666666666666667,85.44642857142857
7/13/2020,18.0,-205.05747126436782
7/13/2021,46.0,-35.60629921259842
7/14/2015,28.25,-28.341176470588234
7/14/2016,32.0,57.61682242990654
7/14/2017,74.0,-13.786259541984732
7/14/2018,10.0,-196.04137931034484
7/14/2019,2.5,-254.5981308411215
7/14/2020,21.25,-475.65625
7/14/2021,41.6,-53.70866141732284
7/15/2015,33.5,46.17977528089887
7/15/2016,47.5,-73.47572815533981
7/15/2017,,36.088235294117645
7/15/2018,35.75,-127.19736842105263
7/15/2019,43.333333333333336,-163.10526315789474
7/15/2020,6.333333333333333,-503.52272727272725
7/15/2021,42.714285714285715,-39.6695652173913
7/16/2015,22.5,-260.49122807017545
7/16/2016,46.0,-110.71428571428571
7/16/2017,22.0,-62.035714285714285
7/16/2018,,-166.0
7/16/2019,34.5,-95.95327102803738
7/16/2020,,-89.04545454545455
7/16/2021,38.5,66.6470588235294
7/17/2015,21.25,41.61585365853659
7/17/2016,1.0,-8.655913978494624
7/17/2017,,-135.63636363636363
7/17/2018,23.0,-155.42675159235668
7/17/2019,,-33.86607142857143
7/17/2020,3.0,10.011494252873563
7/17/2021,29.833333333333332,-33.30769230769231
7/18/2015,13.0,-60.20441988950276
7/18/2016,29.0,-143.76724137931035
7/18/2017,14.0,-212.66165413533835
7/18/2018,,-267.8616352201258
7/18/2019,,-42.05384615384615
7/18/2020,18.0,-179.5632183908046
7/18/2021,30.733333333333334,-65.44
7/19/2015,,20.66470588235294
7/19/2016,19.0,-49.02479338842975
7/19/2017,,-310.7971014492754
7/19/2018,30.666666666666668,-34.61029411764706
7/19/2019,,-436.27927927927925
7/19/2020,5.0,20.58139534883721
7/19/2021,26.0,-461.793893129771
7/2/2015,13.0,-25.52469135802469
7/2/2016,14.333333333333334,-26.32520325203252
7/2/2017,24.5,22.134920634920636
7/2/2018,,-287.98571428571427
7/2/2019,12.0,51.08870967741935
7/2/2021,23.4,-215.7537313432836
7/20/2015,29.666666666666668,-8.11340206185567
7/20/2016,33.333333333333336,-283.43362831858406
7/20/2017,,-158.85365853658536
7/20/2018,,-189.30985915492957
7/20/2019,41.0,-83.00943396226415
7/20/2020,17.0,4.912087912087912
7/20/2021,49.166666666666664,-60.176923076923075
7/21/2015,10.0,-33.061797752808985
7/21/2016,,-245.31632653061226
7/21/2017,22.0,-151.41538461538462
7/21/2018,38.0,-4.152777777777778
7/21/2019,,-267.1842105263158
7/21/2021,100.5,-434.625
7/22/2015,17.333333333333332,-10.754098360655737
7/22/2016,23.666666666666668,-24.75221238938053
7/22/2017,,-43.9
7/22/2018,,-445.486301369863
7/22/2019,93.0,-34.55555555555556
7/22/2021,44.5,-638.6666666666666
7/23/2015,21.0,53.861111111111114
7/23/2016,,46.4
7/23/2017,33.333333333333336,-214.77777777777777
7/23/2018,8.0,-15.19078947368421
7/23/2019,34.333333333333336,46.00925925925926
7/23/2021,54.5,-214.4014598540146
7/24/2015,10.0,40.48295454545455
7/24/2016,24.5,45.59405940594059
7/24/2017,,-73.5923076923077
7/24/2018,2.0,-180.56953642384107
7/24/2019,43.5,-388.7927927927928
7/24/2021,38.666666666666664,-26.104477611940297
7/25/2015,11.333333333333334,45.92178770949721
7/25/2016,,-34.678899082568805
7/25/2017,6.0,76.76335877862596
7/25/2018,43.666666666666664,-159.49112426035504
7/25/2019,22.0,55.148148148148145
7/25/2021,35.22222222222222,-28.734848484848484
7/26/2015,17.0,-112.28248587570621
7/26/2016,32.5,60.49586776859504
7/26/2017,2.0,-78.34228187919463
7/26/2018,,-308.780303030303
7/26/2019,64.5,8.880733944954128
7/26/2021,46.0,-209.73333333333332
7/27/2015,,30.976190476190474
7/27/2016,14.0,55.577235772357724
7/27/2017,3.0,22.43801652892562
7/27/2018,9.0,-136.58333333333334
7/27/2019,33.0,72.1078431372549
7/27/2021,52.25,-552.6268656716418
7/28/2015,,-362.4375
7/28/2016,26.0,52.16346153846154
7/28/2017,29.0,-389.49242424242425
7/28/2018,47.0,-77.81428571428572
7/28/2019,30.0,-118.64150943396227
7/28/2021,42.0,-115.65648854961832
7/29/2015,24.0,-57.111111111111114
7/29/2016,,-71.42727272727272
7/29/2017,48.0,33.61290322580645
7/29/2018,,-406.84353741496597
7/29/2019,31.5,-43.862385321100916
7/29/2021,43.666666666666664,-220.25352112676057
7/3/2015,20.25,-235.74468085106383
7/3/2016,1.0,51.09489051094891
7/3/2017,11.666666666666666,-150.96969696969697
7/3/2018,3.0,-214.0718232044199
7/3/2019,54.5,-52.69402985074627
7/3/2021,17.272727272727273,-68.08849557522124
7/30/2015,,-198.5
7/30/2016,69.0,32.24561403508772
7/30/2017,23.666666666666668,-78.84057971014492
7/30/2018,37.666666666666664,-33.05960264900662
7/30/2019,,-350.89719626168227
7/30/2021,48.3,48.93636363636364
7/31/2015,1.0,-54.51851851851852
7/31/2016,26.25,36.18181818181818
7/31/2017,6.0,23.385245901639344
7/31/2018,,-172.28571428571428
7/31/2019,26.5,87.31132075471699
7/31/2021,23.428571428571427,-117.04761904761905
7/4/2015,,54.550561797752806
7/4/2016,,61.48148148148148
7/4/2017,36.0,45.073170731707314
7/4/2018,13.0,-209.32142857142858
7/4/2019,8.5,-61.61538461538461
7/4/2021,28.0,-366.0230769230769
7/5/2015,,-77.54761904761905
7/5/2016,,-171.03603603603602
7/5/2017,33.333333333333336,40.05714285714286
7/5/2018,48.0,-35.8936170212766
7/5/2019,22.0,-36.108108108108105
7/5/2021,16.875,-336.23880597014926
7/6/2015,19.0,43.04093567251462
7/6/2016,20.0,-108.16814159292035
7/6/2017,9.0,-64.7560975609756
7/6/2018,31.0,-235.79464285714286
7/6/2019,8.0,-63.663636363636364
7/6/2021,26.0,-6.992307692307692
7/7/2015,,48.51428571428571
7/7/2016,,-35.198113207547166
7/7/2017,46.0,-81.8473282442748
7/7/2018,11.0,-132.34814814814814
7/7/2019,18.75,-175.68032786885246
7/7/2021,24.666666666666668,-116.97101449275362
7/8/2015,6.5,44.97041420118343
7/8/2016,26.25,48.1981981981982
7/8/2017,,-234.6048387096774
7/8/2018,33.0,-262.5655172413793
7/8/2019,,-60.1551724137931
7/8/2020,,5.0
7/8/2021,39.0,-184.95419847328245
7/9/2015,75.0,-116.34104046242774
7/9/2016,,-262.64220183486236
7/9/2017,,-182.15384615384616
7/9/2018,46.0,14.300751879699249
7/9/2019,7.0,80.40707964601769
7/9/2020,,23.37837837837838
7/9/2021,31.285714285714285,-48.97037037037037
8/1/2015,21.0,-79.62105263157895
8/1/2016,20.0,51.03448275862069
8/1/2017,,-65.04379562043796
8/1/2018,44.0,-423.03550295857985
8/1/2019,,-45.816
8/1/2021,31.25,-187.16535433070865
8/10/2015,,46.69230769230769
8/10/2016,34.0,41.52173913043478
8/10/2017,28.0,-53.739837398373986
8/10/2018,52.5,-139.91503267973857
8/10/2019,36.333333333333336,10.061946902654867
8/10/2021,36.5,-357.38260869565215
8/11/2015,,-4.354330708661418
8/11/2016,40.0,-109.76190476190476
8/11/2017,48.5,-79.93283582089552
8/11/2018,34.0,-369.6
8/11/2019,29.333333333333332,23.672566371681416
8/11/2021,32.166666666666664,38.19491525423729
8/12/2015,,8.851851851851851
8/12/2016,13.0,-97.80357142857143
8/12/2017,7.5,-128.86046511627907
8/12/2018,20.0,-237.66666666666666
8/12/2019,20.0,-157.07619047619048
8/12/2021,29.0,-96.44444444444444
8/13/2015,3.0,-93.63157894736842
8/13/2016,24.0,34.45161290322581
8/13/2017,39.0,-220.25
8/13/2018,,-277.5810810810811
8/13/2019,36.0,17.155963302752294
8/13/2021,24.0,-56.544
8/14/2015,18.75,-426.18666666666667
8/14/2016,12.0,-98.75
8/14/2017,,-106.97520661157024
8/14/2018,25.333333333333332,-201.21518987341773
8/14/2019,26.0,-187.8849557522124
8/14/2021,14.333333333333334,-219.81720430107526
8/15/2015,12.25,-308.12068965517244
8/15/2016,,-24.926470588235293
8/15/2017,16.0,-43.58620689655172
8/15/2018,,-117.31515151515151
8/15/2019,18.0,-280.3611111111111
8/15/2021,26.789473684210527,-147.62698412698413
8/16/2015,21.666666666666668,-19.94736842105263
8/16/2016,8.0,-201.40983606557376
8/16/2017,16.0,-113.56164383561644
8/16/2018,31.333333333333332,-214.70833333333334
8/16/2019,22.666666666666668,-241.46456692913387
8/16/2021,31.272727272727273,34.67796610169491
8/17/2015,5.0,22.664285714285715
8/17/2016,11.5,49.751773049645394
8/17/2017,39.5,-126.54887218045113
8/17/2018,17.166666666666668,-154.42372881355934
8/17/2019,59.25,25.241071428571427
8/17/2021,33.3,-16.780701754385966
8/18/2015,,44.75182481751825
8/18/2016,12.0,-13.932203389830509
8/18/2017,10.5,-20.564285714285713
8/18/2018,,-225.98773006134968
8/18/2019,18.8,72.3109243697479
8/18/2021,23.454545454545453,-80.36842105263158
8/19/2015,4.0,-51.0390625
8/19/2016,33.0,37.03305785123967
8/19/2017,14.625,31.184
8/19/2018,4.5,-283.6917808219178
8/19/2019,12.5,-63.6
8/19/2021,19.333333333333332,14.575221238938052
8/2/2015,24.25,37.36842105263158
8/2/2016,11.0,53.26271186440678
8/2/2017,8.5,-170.95
8/2/2018,,-294.13286713286715
8/2/2019,,-168.57142857142858
8/2/2021,41.5,-328.2
8/20/2015,17.75,7.171428571428572
8/20/2016,,-53.03968253968254
8/20/2017,30.25,-93.23404255319149
8/20/2018,10.0,-54.52272727272727
8/20/2019,21.11111111111111,-88.6015037593985
8/20/2021,24.61111111111111,-70.96581196581197
8/21/2015,41.333333333333336,-402.375
8/21/2016,8.0,40.833333333333336
8/21/2017,35.0,-93.496
8/21/2018,21.0,-260.77852348993287
8/21/2019,,65.86666666666666
8/21/2021,12.727272727272727,-290.59016393442624
8/22/2015,12.333333333333334,-7.782608695652174
8/22/2016,17.0,-90.64102564102564
8/22/2017,50.0,-62.66428571428571
8/22/2018,,-217.78205128205127
8/22/2019,52.333333333333336,13.778625954198473
8/22/2021,17.428571428571427,-253.83035714285714
8/23/2015,22.333333333333332,-20.83703703703704
8/23/2016,3.0,20.14782608695652
8/23/2017,16.0,-242.91724137931035
8/23/2018,30.166666666666668,-258.69565217391306
8/23/2019,17.142857142857142,-142.58139534883722
8/23/2021,24.533333333333335,-180.8859649122807
8/24/2015,17.5,-183.112
8/24/2016,26.666666666666668,-4.453125
8/24/2017,14.0,28.578125
8/24/2018,19.0,-220.45454545454547
8/24/2019,17.0,59.18269230769231
8/24/2021,15.428571428571429,-94.92372881355932
8/25/2015,32.8,-169.6074074074074
8/25/2016,34.0,36.62280701754386
8/25/2017,23.714285714285715,-39.77439024390244
8/25/2018,22.5,-198.94520547945206
8/25/2019,40.5,-112.41964285714286
8/25/2021,21.555555555555557,-157.67226890756302
8/26/2015,19.75,-193.375
8/26/2016,,37.52252252252252
8/26/2017,45.0,-278.1640625
8/26/2018,26.0,-237.23287671232876
8/26/2019,7.0,-275.8796296296296
8/26/2021,7.384615384615385,-34.38793103448276
8/27/2015,19.5,-196.54098360655738
8/27/2016,24.666666666666668,-12.007194244604317
8/27/2017,25.333333333333332,-65.22302158273381
8/27/2018,41.0,-130.61702127659575
8/27/2019,18.571428571428573,17.87704918032787
8/27/2021,,-778.0535714285714
8/28/2015,21.8,-72.23308270676692
8/28/2016,13.25,25.087719298245613
8/28/2018,28.4,-348.6114285714286
8/28/2019,17.0,-126.93457943925233
8/28/2021,9.571428571428571,-38.914529914529915
8/29/2015,22.666666666666668,-264.57042253521126
8/29/2016,21.0,-123.96078431372548
8/29/2018,14.25,-232.37671232876713
8/29/2019,,-388.65714285714284
8/29/2021,6.769230769230769,-2.2
8/3/2015,34.4,29.676470588235293
8/3/2016,,-129.11023622047244
8/3/2017,14.0,-112.28225806451613
8/3/2018,29.0,-189.5177304964539
8/3/2019,,40.407766990291265
8/3/2021,32.857142857142854,-275.3939393939394
8/30/2015,,-82.53488372093024
8/30/2016,16.5,-170.36
8/30/2018,15.2,-81.2578125
8/30/2019,8.666666666666666,-101.25984251968504
8/30/2021,12.0,-72.83050847457628
8/31/2015,7.5,-34.71875
8/31/2016,29.0,21.724137931034484
8/31/2018,23.428571428571427,-207.75903614457832
8/31/2019,13.6,-270.0833333333333
8/31/2021,1.8,-10.5625
8/4/2015,28.0,-44.56
8/4/2016,42.0,40.48543689320388
8/4/2017,52.5,-29.118518518518517
8/4/2018,,4.13986013986014
8/4/2019,,53.49523809523809
8/4/2021,56.714285714285715,-273.8222222222222
8/5/2015,30.0,-61.286764705882355
8/5/2016,42.0,47.34234234234234
8/5/2017,10.5,-213.288
8/5/2018,,-87.23287671232876
8/5/2019,28.5,-39.973684210526315
8/5/2021,37.875,-56.201388888888886
8/6/2015,32.5,57.5
8/6/2016,15.6,2.982905982905983
8/6/2017,,-89.14814814814815
8/6/2018,13.333333333333334,-27.277372262773724
8/6/2019,,-270.72477064220186
8/6/2021,34.23076923076923,-193.19130434782608
8/7/2015,11.333333333333334,-9.248322147651006
8/7/2016,25.8,42.1875
8/7/2017,,59.64462809917355
8/7/2018,8.333333333333334,-165.84246575342465
8/7/2019,,-156.3909090909091
8/7/2021,34.714285714285715,-622.2043795620438
8/8/2015,7.0,40.58139534883721
8/8/2016,16.0,40.0
8/8/2017,7.0,-49.92700729927007
8/8/2018,52.0,-176.98181818181817
8/8/2019,14.0,69.5703125
8/8/2021,40.1,-328.512
8/9/2015,10.5,-28.801470588235293
8/9/2016,,39.60526315789474
8/9/2017,77.5,-215.4965034965035
8/9/2018,,-167.25
8/9/2019,25.0,-553.4299065420561
8/9/2021,51.333333333333336,-549.856
9/1/2015,13.5,-478.4836065573771
9/1/2016,22.5,-57.980582524271846
9/1/2018,30.0,-163.8385093167702
9/1/2019,18.0,-3.408695652173913
9/1/2021,4.0,-12.928571428571429
9/10/2015,1.0,28.080357142857142
9/10/2016,24.5,37.20338983050848
9/10/2018,33.0,-74.97540983606558
9/10/2019,9.2,-63.70229007633588
9/10/2021,15.2,-233.66433566433565
9/11/2015,33.166666666666664,27.303370786516854
9/11/2016,4.0,16.756756756756758
9/11/2018,9.75,-247.93491124260356
9/11/2019,9.0,-1.587719298245614
9/11/2021,8.928571428571429,-40.5
9/12/2015,8.75,-20.677777777777777
9/12/2016,2.0,28.1
9/12/2018,21.5,-286.28472222222223
9/12/2019,9.0,6.920863309352518
9/12/2021,11.090909090909092,-36.361702127659576
9/13/2015,27.5,-54.395161290322584
9/13/2016,14.75,-157.97345132743362
9/13/2018,23.666666666666668,-182.40625
9/13/2019,6.0,-132.0
9/13/2021,23.125,-121.16666666666667
9/14/2015,21.0,34.40677966101695
9/14/2016,20.8,29.23728813559322
9/14/2018,14.857142857142858,-201.49693251533742
9/14/2019,,-644.9912280701755
9/14/2021,8.875,-21.715328467153284
9/15/2015,11.2,-90.42105263157895
9/15/2016,16.333333333333332,19.068627450980394
9/15/2018,21.25,-376.81481481481484
9/15/2019,11.5,-6.154411764705882
9/15/2021,11.555555555555555,-110.63963963963964
9/16/2015,19.25,17.316239316239315
9/16/2016,8.375,-36.68595041322314
9/16/2018,14.5,-253.56493506493507
9/16/2019,29.5,-284.43689320388347
9/16/2021,10.538461538461538,2.6491228070175437
9/17/2015,31.75,-47.72072072072072
9/17/2016,20.0,-20.08490566037736
9/17/2018,17.0,-257.41803278688525
9/17/2019,14.166666666666666,-126.0703125
9/17/2021,10.666666666666666,-54.392857142857146
9/18/2015,12.0,-14.82089552238806
9/18/2016,21.2,-156.7008547008547
9/18/2018,7.428571428571429,-118.5939393939394
9/18/2019,30.0,-124.0
9/18/2021,15.75,-46.78761061946903
9/19/2015,15.833333333333334,32.78169014084507
9/19/2016,30.333333333333332,-265.41
9/19/2018,,-310.36619718309856
9/19/2019,6.0,-174.208
9/19/2021,13.545454545454545,-17.570422535211268
9/2/2015,13.0,-155.5748031496063
9/2/2016,14.666666666666666,14.4
9/2/2018,29.0,-102.44680851063829
9/2/2019,8.333333333333334,-50.166666666666664
9/2/2021,6.714285714285714,-92.83333333333333
9/20/2015,9.75,15.507246376811594
9/20/2016,20.6,-10.693693693693694
9/20/2018,3.0,-142.68992248062017
9/20/2019,11.25,14.076923076923077
9/20/2021,21.428571428571427,5.115044247787611
9/21/2015,28.0,-49.950413223140494
9/21/2016,28.0,-163.68367346938774
9/21/2018,10.0,-192.33939393939394
9/21/2019,,-32.86915887850467
9/21/2021,13.875,-17.167832167832167
9/22/2015,10.4,17.41007194244604
9/22/2016,29.0,-138.2093023255814
9/22/2018,,-95.68085106382979
9/22/2019,13.75,-89.74264705882354
9/22/2021,10.25,-33.857142857142854
9/23/2015,50.0,33.125
9/23/2016,21.0,-69.96039603960396
9/23/2018,10.75,-119.98235294117647
9/23/2019,,28.359223300970875
9/23/2021,14.75,-7.61344537815126
9/24/2015,30.0,-54.86206896551724
9/24/2016,20.571428571428573,35.18018018018018
9/24/2018,30.0,-177.37704918032787
9/24/2019,19.0,-71.77777777777777
9/24/2021,13.454545454545455,-17.53676470588235
9/25/2015,11.8,-72.5220588235294
9/25/2016,34.0,-118.42168674698796
9/25/2018,15.0,-232.85276073619633
9/25/2019,61.0,-130.25
9/25/2021,22.181818181818183,-53.565714285714286
9/26/2015,10.25,31.875
9/26/2016,,-198.78
9/26/2018,19.666666666666668,-185.38028169014083
9/26/2019,19.166666666666668,-38.900763358778626
9/26/2021,18.8,-208.05019305019306
9/27/2015,14.714285714285714,-78.11678832116789
9/27/2016,9.0,-55.958333333333336
9/27/2018,17.0,-145.5609756097561
9/27/2019,7.5,-26.0078125
9/27/2021,11.666666666666666,17.245136186770427
9/28/2015,8.5,-82.64
9/28/2016,18.0,-232.81512605042016
9/28/2018,14.0,-123.73939393939393
9/28/2019,48.5,-23.75
9/28/2021,7.5,-197.48076923076923
9/29/2015,9.5,13.177570093457945
9/29/2016,4.0,-13.089108910891088
9/29/2018,16.0,-48.52173913043478
9/29/2019,12.0,2.8
9/29/2021,16.454545454545453,-191.55839416058393
9/3/2015,14.285714285714286,-76.10077519379846
9/3/2016,24.0,41.84615384615385
9/3/2018,7.857142857142857,-170.66233766233765
9/3/2019,11.0,-286.9830508474576
9/3/2021,12.75,-142.69642857142858
9/30/2015,22.75,33.65079365079365
9/30/2016,35.0,7.425925925925926
9/30/2018,11.25,-133.11764705882354
9/30/2019,,50.625
9/30/2021,8.166666666666666,-58.128755364806864
9/4/2015,20.25,-69.51968503937007
9/4/2016,,-193.00884955752213
9/4/2018,33.0,-248.66176470588235
9/4/2019,3.0,-323.92105263157896
9/4/2021,23.636363636363637,-119.09166666666667
9/5/2015,13.428571428571429,-8.844444444444445
9/5/2016,13.0,-152.68571428571428
9/5/2018,,-196.8111888111888
9/5/2019,,7.377777777777778
9/5/2021,23.5,-315.27536231884056
9/6/2015,21.0,-249.50735294117646
9/6/2016,23.666666666666668,-55.40196078431372
9/6/2018,23.8,-124.03007518796993
9/6/2019,15.0,3.1968503937007875
9/6/2021,20.181818181818183,-296.46666666666664
9/7/2015,13.333333333333334,19.24812030075188
9/7/2016,8.0,13.261363636363637
9/7/2018,15.4,-121.4121212121212
9/7/2019,13.0,-84.88288288288288
9/7/2021,11.222222222222221,-36.326241134751776
9/8/2015,9.666666666666666,15.648
9/8/2016,24.0,-14.035714285714286
9/8/2018,15.0,-163.38095238095238
9/8/2019,10.25,14.724409448818898
9/8/2021,4.444444444444445,-96.15315315315316
9/9/2015,37.5,21.85185185185185
9/9/2016,41.5,14.27659574468085
9/9/2018,10.2,-168.25
9/9/2019,17.5,33.162393162393165
9/9/2021,3.142857142857143,-26.878260869565217
